
> frontend@0.1.0 start
> react-scripts start

Starting the development server...

Compiled with warnings.

[eslint] 
src/layouts/MainLayout.tsx
  Line 4:25:   'AccountCircle' is defined but never used          @typescript-eslint/no-unused-vars
  Line 10:17:  'logout' is assigned a value but never used        @typescript-eslint/no-unused-vars
  Line 11:9:   'sidebarWidth' is assigned a value but never used  @typescript-eslint/no-unused-vars

src/pages/Dashboard.tsx
  Line 1:27:  'useEffect' is defined but never used  @typescript-eslint/no-unused-vars

src/pages/History.tsx
  Line 3:52:  'IconButton' is defined but never used  @typescript-eslint/no-unused-vars

src/pages/ModelManagement.tsx
  Line 8:10:  'ExpandMore' is defined but never used    @typescript-eslint/no-unused-vars
  Line 8:22:  'ChevronRight' is defined but never used  @typescript-eslint/no-unused-vars

src/pages/OtpVerify.tsx
  Line 12:27:  'user' is assigned a value but never used  @typescript-eslint/no-unused-vars

src/pages/Parsing.tsx
  Line 7:38:  'Stack' is defined but never used  @typescript-eslint/no-unused-vars

src/pages/Settings.tsx
  Line 4:46:  'Divider' is defined but never used  @typescript-eslint/no-unused-vars

Search for the keywords to learn more about each warning.
To ignore, add // eslint-disable-next-line to the line before.

WARNING in [eslint] 
src/layouts/MainLayout.tsx
  Line 4:25:   'AccountCircle' is defined but never used          @typescript-eslint/no-unused-vars
  Line 10:17:  'logout' is assigned a value but never used        @typescript-eslint/no-unused-vars
  Line 11:9:   'sidebarWidth' is assigned a value but never used  @typescript-eslint/no-unused-vars

src/pages/Dashboard.tsx
  Line 1:27:  'useEffect' is defined but never used  @typescript-eslint/no-unused-vars

src/pages/History.tsx
  Line 3:52:  'IconButton' is defined but never used  @typescript-eslint/no-unused-vars

src/pages/ModelManagement.tsx
  Line 8:10:  'ExpandMore' is defined but never used    @typescript-eslint/no-unused-vars
  Line 8:22:  'ChevronRight' is defined but never used  @typescript-eslint/no-unused-vars

src/pages/OtpVerify.tsx
  Line 12:27:  'user' is assigned a value but never used  @typescript-eslint/no-unused-vars

src/pages/Parsing.tsx
  Line 7:38:  'Stack' is defined but never used  @typescript-eslint/no-unused-vars

src/pages/Settings.tsx
  Line 4:46:  'Divider' is defined but never used  @typescript-eslint/no-unused-vars

webpack compiled with 1 warning
No issues found.
Compiling...
Compiled with warnings.

[eslint] 
src/layouts/MainLayout.tsx
  Line 4:25:   'AccountCircle' is defined but never used          @typescript-eslint/no-unused-vars
  Line 10:17:  'logout' is assigned a value but never used        @typescript-eslint/no-unused-vars
  Line 11:9:   'sidebarWidth' is assigned a value but never used  @typescript-eslint/no-unused-vars

src/pages/Dashboard.tsx
  Line 1:27:  'useEffect' is defined but never used  @typescript-eslint/no-unused-vars

src/pages/History.tsx
  Line 3:52:  'IconButton' is defined but never used  @typescript-eslint/no-unused-vars

src/pages/ModelManagement.tsx
  Line 8:10:  'ExpandMore' is defined but never used    @typescript-eslint/no-unused-vars
  Line 8:22:  'ChevronRight' is defined but never used  @typescript-eslint/no-unused-vars

src/pages/OtpVerify.tsx
  Line 12:27:  'user' is assigned a value but never used  @typescript-eslint/no-unused-vars

src/pages/Parsing.tsx
  Line 7:38:  'Stack' is defined but never used  @typescript-eslint/no-unused-vars

src/pages/Settings.tsx
  Line 4:46:  'Divider' is defined but never used  @typescript-eslint/no-unused-vars

Search for the keywords to learn more about each warning.
To ignore, add // eslint-disable-next-line to the line before.

WARNING in [eslint] 
src/layouts/MainLayout.tsx
  Line 4:25:   'AccountCircle' is defined but never used          @typescript-eslint/no-unused-vars
  Line 10:17:  'logout' is assigned a value but never used        @typescript-eslint/no-unused-vars
  Line 11:9:   'sidebarWidth' is assigned a value but never used  @typescript-eslint/no-unused-vars

src/pages/Dashboard.tsx
  Line 1:27:  'useEffect' is defined but never used  @typescript-eslint/no-unused-vars

src/pages/History.tsx
  Line 3:52:  'IconButton' is defined but never used  @typescript-eslint/no-unused-vars

src/pages/ModelManagement.tsx
  Line 8:10:  'ExpandMore' is defined but never used    @typescript-eslint/no-unused-vars
  Line 8:22:  'ChevronRight' is defined but never used  @typescript-eslint/no-unused-vars

src/pages/OtpVerify.tsx
  Line 12:27:  'user' is assigned a value but never used  @typescript-eslint/no-unused-vars

src/pages/Parsing.tsx
  Line 7:38:  'Stack' is defined but never used  @typescript-eslint/no-unused-vars

src/pages/Settings.tsx
  Line 4:46:  'Divider' is defined but never used  @typescript-eslint/no-unused-vars

webpack compiled with 1 warning
No issues found.
Compiling...
Compiled with warnings.

[eslint] 
src/layouts/MainLayout.tsx
  Line 4:25:   'AccountCircle' is defined but never used          @typescript-eslint/no-unused-vars
  Line 10:17:  'logout' is assigned a value but never used        @typescript-eslint/no-unused-vars
  Line 11:9:   'sidebarWidth' is assigned a value but never used  @typescript-eslint/no-unused-vars

src/pages/Dashboard.tsx
  Line 1:27:  'useEffect' is defined but never used  @typescript-eslint/no-unused-vars

src/pages/History.tsx
  Line 3:52:  'IconButton' is defined but never used  @typescript-eslint/no-unused-vars

src/pages/ModelManagement.tsx
  Line 8:10:  'ExpandMore' is defined but never used    @typescript-eslint/no-unused-vars
  Line 8:22:  'ChevronRight' is defined but never used  @typescript-eslint/no-unused-vars

src/pages/OtpVerify.tsx
  Line 12:27:  'user' is assigned a value but never used  @typescript-eslint/no-unused-vars

src/pages/Parsing.tsx
  Line 7:38:  'Stack' is defined but never used  @typescript-eslint/no-unused-vars

src/pages/Settings.tsx
  Line 4:46:  'Divider' is defined but never used  @typescript-eslint/no-unused-vars

Search for the keywords to learn more about each warning.
To ignore, add // eslint-disable-next-line to the line before.

WARNING in [eslint] 
src/layouts/MainLayout.tsx
  Line 4:25:   'AccountCircle' is defined but never used          @typescript-eslint/no-unused-vars
  Line 10:17:  'logout' is assigned a value but never used        @typescript-eslint/no-unused-vars
  Line 11:9:   'sidebarWidth' is assigned a value but never used  @typescript-eslint/no-unused-vars

src/pages/Dashboard.tsx
  Line 1:27:  'useEffect' is defined but never used  @typescript-eslint/no-unused-vars

src/pages/History.tsx
  Line 3:52:  'IconButton' is defined but never used  @typescript-eslint/no-unused-vars

src/pages/ModelManagement.tsx
  Line 8:10:  'ExpandMore' is defined but never used    @typescript-eslint/no-unused-vars
  Line 8:22:  'ChevronRight' is defined but never used  @typescript-eslint/no-unused-vars

src/pages/OtpVerify.tsx
  Line 12:27:  'user' is assigned a value but never used  @typescript-eslint/no-unused-vars

src/pages/Parsing.tsx
  Line 7:38:  'Stack' is defined but never used  @typescript-eslint/no-unused-vars

src/pages/Settings.tsx
  Line 4:46:  'Divider' is defined but never used  @typescript-eslint/no-unused-vars

webpack compiled with 1 warning
No issues found.
Compiling...
Compiled with warnings.

[eslint] 
src/layouts/MainLayout.tsx
  Line 4:25:   'AccountCircle' is defined but never used          @typescript-eslint/no-unused-vars
  Line 10:17:  'logout' is assigned a value but never used        @typescript-eslint/no-unused-vars
  Line 11:9:   'sidebarWidth' is assigned a value but never used  @typescript-eslint/no-unused-vars

src/pages/Dashboard.tsx
  Line 1:27:  'useEffect' is defined but never used  @typescript-eslint/no-unused-vars

src/pages/History.tsx
  Line 3:52:  'IconButton' is defined but never used  @typescript-eslint/no-unused-vars

src/pages/ModelManagement.tsx
  Line 8:10:  'ExpandMore' is defined but never used    @typescript-eslint/no-unused-vars
  Line 8:22:  'ChevronRight' is defined but never used  @typescript-eslint/no-unused-vars

src/pages/OtpVerify.tsx
  Line 12:27:  'user' is assigned a value but never used  @typescript-eslint/no-unused-vars

src/pages/Parsing.tsx
  Line 7:38:  'Stack' is defined but never used  @typescript-eslint/no-unused-vars

src/pages/Settings.tsx
  Line 4:46:  'Divider' is defined but never used  @typescript-eslint/no-unused-vars

Search for the keywords to learn more about each warning.
To ignore, add // eslint-disable-next-line to the line before.

WARNING in [eslint] 
src/layouts/MainLayout.tsx
  Line 4:25:   'AccountCircle' is defined but never used          @typescript-eslint/no-unused-vars
  Line 10:17:  'logout' is assigned a value but never used        @typescript-eslint/no-unused-vars
  Line 11:9:   'sidebarWidth' is assigned a value but never used  @typescript-eslint/no-unused-vars

src/pages/Dashboard.tsx
  Line 1:27:  'useEffect' is defined but never used  @typescript-eslint/no-unused-vars

src/pages/History.tsx
  Line 3:52:  'IconButton' is defined but never used  @typescript-eslint/no-unused-vars

src/pages/ModelManagement.tsx
  Line 8:10:  'ExpandMore' is defined but never used    @typescript-eslint/no-unused-vars
  Line 8:22:  'ChevronRight' is defined but never used  @typescript-eslint/no-unused-vars

src/pages/OtpVerify.tsx
  Line 12:27:  'user' is assigned a value but never used  @typescript-eslint/no-unused-vars

src/pages/Parsing.tsx
  Line 7:38:  'Stack' is defined but never used  @typescript-eslint/no-unused-vars

src/pages/Settings.tsx
  Line 4:46:  'Divider' is defined but never used  @typescript-eslint/no-unused-vars

webpack compiled with 1 warning
No issues found.
Compiling...
Compiled with warnings.

[eslint] 
src/layouts/MainLayout.tsx
  Line 4:25:   'AccountCircle' is defined but never used          @typescript-eslint/no-unused-vars
  Line 10:17:  'logout' is assigned a value but never used        @typescript-eslint/no-unused-vars
  Line 11:9:   'sidebarWidth' is assigned a value but never used  @typescript-eslint/no-unused-vars

src/pages/Dashboard.tsx
  Line 1:27:  'useEffect' is defined but never used  @typescript-eslint/no-unused-vars

src/pages/History.tsx
  Line 3:52:  'IconButton' is defined but never used  @typescript-eslint/no-unused-vars

src/pages/ModelManagement.tsx
  Line 8:10:  'ExpandMore' is defined but never used    @typescript-eslint/no-unused-vars
  Line 8:22:  'ChevronRight' is defined but never used  @typescript-eslint/no-unused-vars

src/pages/OtpVerify.tsx
  Line 12:27:  'user' is assigned a value but never used  @typescript-eslint/no-unused-vars

src/pages/Parsing.tsx
  Line 7:38:  'Stack' is defined but never used  @typescript-eslint/no-unused-vars

src/pages/Settings.tsx
  Line 4:46:  'Divider' is defined but never used  @typescript-eslint/no-unused-vars

Search for the keywords to learn more about each warning.
To ignore, add // eslint-disable-next-line to the line before.

WARNING in [eslint] 
src/layouts/MainLayout.tsx
  Line 4:25:   'AccountCircle' is defined but never used          @typescript-eslint/no-unused-vars
  Line 10:17:  'logout' is assigned a value but never used        @typescript-eslint/no-unused-vars
  Line 11:9:   'sidebarWidth' is assigned a value but never used  @typescript-eslint/no-unused-vars

src/pages/Dashboard.tsx
  Line 1:27:  'useEffect' is defined but never used  @typescript-eslint/no-unused-vars

src/pages/History.tsx
  Line 3:52:  'IconButton' is defined but never used  @typescript-eslint/no-unused-vars

src/pages/ModelManagement.tsx
  Line 8:10:  'ExpandMore' is defined but never used    @typescript-eslint/no-unused-vars
  Line 8:22:  'ChevronRight' is defined but never used  @typescript-eslint/no-unused-vars

src/pages/OtpVerify.tsx
  Line 12:27:  'user' is assigned a value but never used  @typescript-eslint/no-unused-vars

src/pages/Parsing.tsx
  Line 7:38:  'Stack' is defined but never used  @typescript-eslint/no-unused-vars

src/pages/Settings.tsx
  Line 4:46:  'Divider' is defined but never used  @typescript-eslint/no-unused-vars

webpack compiled with 1 warning
No issues found.
Compiling...
Compiled with warnings.

[eslint] 
src/layouts/MainLayout.tsx
  Line 4:25:   'AccountCircle' is defined but never used          @typescript-eslint/no-unused-vars
  Line 10:17:  'logout' is assigned a value but never used        @typescript-eslint/no-unused-vars
  Line 11:9:   'sidebarWidth' is assigned a value but never used  @typescript-eslint/no-unused-vars

src/pages/Dashboard.tsx
  Line 1:27:  'useEffect' is defined but never used  @typescript-eslint/no-unused-vars

src/pages/History.tsx
  Line 3:52:  'IconButton' is defined but never used  @typescript-eslint/no-unused-vars

src/pages/ModelManagement.tsx
  Line 8:10:  'ExpandMore' is defined but never used    @typescript-eslint/no-unused-vars
  Line 8:22:  'ChevronRight' is defined but never used  @typescript-eslint/no-unused-vars

src/pages/OtpVerify.tsx
  Line 12:27:  'user' is assigned a value but never used  @typescript-eslint/no-unused-vars

src/pages/Parsing.tsx
  Line 7:38:  'Stack' is defined but never used  @typescript-eslint/no-unused-vars

src/pages/Settings.tsx
  Line 4:46:  'Divider' is defined but never used  @typescript-eslint/no-unused-vars

Search for the keywords to learn more about each warning.
To ignore, add // eslint-disable-next-line to the line before.

WARNING in [eslint] 
src/layouts/MainLayout.tsx
  Line 4:25:   'AccountCircle' is defined but never used          @typescript-eslint/no-unused-vars
  Line 10:17:  'logout' is assigned a value but never used        @typescript-eslint/no-unused-vars
  Line 11:9:   'sidebarWidth' is assigned a value but never used  @typescript-eslint/no-unused-vars

src/pages/Dashboard.tsx
  Line 1:27:  'useEffect' is defined but never used  @typescript-eslint/no-unused-vars

src/pages/History.tsx
  Line 3:52:  'IconButton' is defined but never used  @typescript-eslint/no-unused-vars

src/pages/ModelManagement.tsx
  Line 8:10:  'ExpandMore' is defined but never used    @typescript-eslint/no-unused-vars
  Line 8:22:  'ChevronRight' is defined but never used  @typescript-eslint/no-unused-vars

src/pages/OtpVerify.tsx
  Line 12:27:  'user' is assigned a value but never used  @typescript-eslint/no-unused-vars

src/pages/Parsing.tsx
  Line 7:38:  'Stack' is defined but never used  @typescript-eslint/no-unused-vars

src/pages/Settings.tsx
  Line 4:46:  'Divider' is defined but never used  @typescript-eslint/no-unused-vars

webpack compiled with 1 warning
No issues found.
Compiling...
Compiled with warnings.

[eslint] 
src/layouts/MainLayout.tsx
  Line 4:25:   'AccountCircle' is defined but never used          @typescript-eslint/no-unused-vars
  Line 10:17:  'logout' is assigned a value but never used        @typescript-eslint/no-unused-vars
  Line 11:9:   'sidebarWidth' is assigned a value but never used  @typescript-eslint/no-unused-vars

src/pages/Dashboard.tsx
  Line 1:27:  'useEffect' is defined but never used  @typescript-eslint/no-unused-vars

src/pages/History.tsx
  Line 3:52:  'IconButton' is defined but never used  @typescript-eslint/no-unused-vars

src/pages/ModelManagement.tsx
  Line 8:10:  'ExpandMore' is defined but never used    @typescript-eslint/no-unused-vars
  Line 8:22:  'ChevronRight' is defined but never used  @typescript-eslint/no-unused-vars

src/pages/OtpVerify.tsx
  Line 12:27:  'user' is assigned a value but never used  @typescript-eslint/no-unused-vars

src/pages/Parsing.tsx
  Line 7:38:  'Stack' is defined but never used  @typescript-eslint/no-unused-vars

src/pages/Settings.tsx
  Line 4:46:  'Divider' is defined but never used  @typescript-eslint/no-unused-vars

Search for the keywords to learn more about each warning.
To ignore, add // eslint-disable-next-line to the line before.

WARNING in [eslint] 
src/layouts/MainLayout.tsx
  Line 4:25:   'AccountCircle' is defined but never used          @typescript-eslint/no-unused-vars
  Line 10:17:  'logout' is assigned a value but never used        @typescript-eslint/no-unused-vars
  Line 11:9:   'sidebarWidth' is assigned a value but never used  @typescript-eslint/no-unused-vars

src/pages/Dashboard.tsx
  Line 1:27:  'useEffect' is defined but never used  @typescript-eslint/no-unused-vars

src/pages/History.tsx
  Line 3:52:  'IconButton' is defined but never used  @typescript-eslint/no-unused-vars

src/pages/ModelManagement.tsx
  Line 8:10:  'ExpandMore' is defined but never used    @typescript-eslint/no-unused-vars
  Line 8:22:  'ChevronRight' is defined but never used  @typescript-eslint/no-unused-vars

src/pages/OtpVerify.tsx
  Line 12:27:  'user' is assigned a value but never used  @typescript-eslint/no-unused-vars

src/pages/Parsing.tsx
  Line 7:38:  'Stack' is defined but never used  @typescript-eslint/no-unused-vars

src/pages/Settings.tsx
  Line 4:46:  'Divider' is defined but never used  @typescript-eslint/no-unused-vars

webpack compiled with 1 warning
No issues found.
Compiling...
Compiled with warnings.

[eslint] 
src/layouts/MainLayout.tsx
  Line 4:25:   'AccountCircle' is defined but never used          @typescript-eslint/no-unused-vars
  Line 10:17:  'logout' is assigned a value but never used        @typescript-eslint/no-unused-vars
  Line 11:9:   'sidebarWidth' is assigned a value but never used  @typescript-eslint/no-unused-vars

src/pages/Dashboard.tsx
  Line 1:27:  'useEffect' is defined but never used  @typescript-eslint/no-unused-vars

src/pages/History.tsx
  Line 3:52:  'IconButton' is defined but never used  @typescript-eslint/no-unused-vars

src/pages/ModelManagement.tsx
  Line 8:10:  'ExpandMore' is defined but never used    @typescript-eslint/no-unused-vars
  Line 8:22:  'ChevronRight' is defined but never used  @typescript-eslint/no-unused-vars

src/pages/OtpVerify.tsx
  Line 12:27:  'user' is assigned a value but never used  @typescript-eslint/no-unused-vars

src/pages/Parsing.tsx
  Line 7:38:  'Stack' is defined but never used  @typescript-eslint/no-unused-vars

src/pages/Settings.tsx
  Line 4:46:  'Divider' is defined but never used  @typescript-eslint/no-unused-vars

Search for the keywords to learn more about each warning.
To ignore, add // eslint-disable-next-line to the line before.

WARNING in [eslint] 
src/layouts/MainLayout.tsx
  Line 4:25:   'AccountCircle' is defined but never used          @typescript-eslint/no-unused-vars
  Line 10:17:  'logout' is assigned a value but never used        @typescript-eslint/no-unused-vars
  Line 11:9:   'sidebarWidth' is assigned a value but never used  @typescript-eslint/no-unused-vars

src/pages/Dashboard.tsx
  Line 1:27:  'useEffect' is defined but never used  @typescript-eslint/no-unused-vars

src/pages/History.tsx
  Line 3:52:  'IconButton' is defined but never used  @typescript-eslint/no-unused-vars

src/pages/ModelManagement.tsx
  Line 8:10:  'ExpandMore' is defined but never used    @typescript-eslint/no-unused-vars
  Line 8:22:  'ChevronRight' is defined but never used  @typescript-eslint/no-unused-vars

src/pages/OtpVerify.tsx
  Line 12:27:  'user' is assigned a value but never used  @typescript-eslint/no-unused-vars

src/pages/Parsing.tsx
  Line 7:38:  'Stack' is defined but never used  @typescript-eslint/no-unused-vars

src/pages/Settings.tsx
  Line 4:46:  'Divider' is defined but never used  @typescript-eslint/no-unused-vars

webpack compiled with 1 warning
No issues found.
Compiling...
Compiled with warnings.

[eslint] 
src/layouts/MainLayout.tsx
  Line 4:25:   'AccountCircle' is defined but never used          @typescript-eslint/no-unused-vars
  Line 10:17:  'logout' is assigned a value but never used        @typescript-eslint/no-unused-vars
  Line 11:9:   'sidebarWidth' is assigned a value but never used  @typescript-eslint/no-unused-vars

src/pages/Dashboard.tsx
  Line 1:27:  'useEffect' is defined but never used  @typescript-eslint/no-unused-vars

src/pages/History.tsx
  Line 3:52:  'IconButton' is defined but never used  @typescript-eslint/no-unused-vars

src/pages/ModelManagement.tsx
  Line 8:10:  'ExpandMore' is defined but never used    @typescript-eslint/no-unused-vars
  Line 8:22:  'ChevronRight' is defined but never used  @typescript-eslint/no-unused-vars

src/pages/OtpVerify.tsx
  Line 12:27:  'user' is assigned a value but never used  @typescript-eslint/no-unused-vars

src/pages/Parsing.tsx
  Line 7:38:  'Stack' is defined but never used  @typescript-eslint/no-unused-vars

src/pages/Settings.tsx
  Line 4:46:  'Divider' is defined but never used  @typescript-eslint/no-unused-vars

Search for the keywords to learn more about each warning.
To ignore, add // eslint-disable-next-line to the line before.

WARNING in [eslint] 
src/layouts/MainLayout.tsx
  Line 4:25:   'AccountCircle' is defined but never used          @typescript-eslint/no-unused-vars
  Line 10:17:  'logout' is assigned a value but never used        @typescript-eslint/no-unused-vars
  Line 11:9:   'sidebarWidth' is assigned a value but never used  @typescript-eslint/no-unused-vars

src/pages/Dashboard.tsx
  Line 1:27:  'useEffect' is defined but never used  @typescript-eslint/no-unused-vars

src/pages/History.tsx
  Line 3:52:  'IconButton' is defined but never used  @typescript-eslint/no-unused-vars

src/pages/ModelManagement.tsx
  Line 8:10:  'ExpandMore' is defined but never used    @typescript-eslint/no-unused-vars
  Line 8:22:  'ChevronRight' is defined but never used  @typescript-eslint/no-unused-vars

src/pages/OtpVerify.tsx
  Line 12:27:  'user' is assigned a value but never used  @typescript-eslint/no-unused-vars

src/pages/Parsing.tsx
  Line 7:38:  'Stack' is defined but never used  @typescript-eslint/no-unused-vars

src/pages/Settings.tsx
  Line 4:46:  'Divider' is defined but never used  @typescript-eslint/no-unused-vars

webpack compiled with 1 warning
No issues found.
Compiling...
Compiled with warnings.

[eslint] 
src/layouts/MainLayout.tsx
  Line 4:25:   'AccountCircle' is defined but never used          @typescript-eslint/no-unused-vars
  Line 10:17:  'logout' is assigned a value but never used        @typescript-eslint/no-unused-vars
  Line 11:9:   'sidebarWidth' is assigned a value but never used  @typescript-eslint/no-unused-vars

src/pages/Dashboard.tsx
  Line 1:27:  'useEffect' is defined but never used  @typescript-eslint/no-unused-vars

src/pages/History.tsx
  Line 3:52:  'IconButton' is defined but never used  @typescript-eslint/no-unused-vars

src/pages/ModelManagement.tsx
  Line 8:10:  'ExpandMore' is defined but never used    @typescript-eslint/no-unused-vars
  Line 8:22:  'ChevronRight' is defined but never used  @typescript-eslint/no-unused-vars

src/pages/OtpVerify.tsx
  Line 12:27:  'user' is assigned a value but never used  @typescript-eslint/no-unused-vars

src/pages/Parsing.tsx
  Line 7:38:  'Stack' is defined but never used  @typescript-eslint/no-unused-vars

src/pages/Settings.tsx
  Line 4:46:  'Divider' is defined but never used  @typescript-eslint/no-unused-vars

Search for the keywords to learn more about each warning.
To ignore, add // eslint-disable-next-line to the line before.

WARNING in [eslint] 
src/layouts/MainLayout.tsx
  Line 4:25:   'AccountCircle' is defined but never used          @typescript-eslint/no-unused-vars
  Line 10:17:  'logout' is assigned a value but never used        @typescript-eslint/no-unused-vars
  Line 11:9:   'sidebarWidth' is assigned a value but never used  @typescript-eslint/no-unused-vars

src/pages/Dashboard.tsx
  Line 1:27:  'useEffect' is defined but never used  @typescript-eslint/no-unused-vars

src/pages/History.tsx
  Line 3:52:  'IconButton' is defined but never used  @typescript-eslint/no-unused-vars

src/pages/ModelManagement.tsx
  Line 8:10:  'ExpandMore' is defined but never used    @typescript-eslint/no-unused-vars
  Line 8:22:  'ChevronRight' is defined but never used  @typescript-eslint/no-unused-vars

src/pages/OtpVerify.tsx
  Line 12:27:  'user' is assigned a value but never used  @typescript-eslint/no-unused-vars

src/pages/Parsing.tsx
  Line 7:38:  'Stack' is defined but never used  @typescript-eslint/no-unused-vars

src/pages/Settings.tsx
  Line 4:46:  'Divider' is defined but never used  @typescript-eslint/no-unused-vars

webpack compiled with 1 warning
No issues found.
Compiling...
Compiled with warnings.

[eslint] 
src/layouts/MainLayout.tsx
  Line 4:25:   'AccountCircle' is defined but never used          @typescript-eslint/no-unused-vars
  Line 10:17:  'logout' is assigned a value but never used        @typescript-eslint/no-unused-vars
  Line 11:9:   'sidebarWidth' is assigned a value but never used  @typescript-eslint/no-unused-vars

src/pages/Dashboard.tsx
  Line 1:27:  'useEffect' is defined but never used  @typescript-eslint/no-unused-vars

src/pages/History.tsx
  Line 3:52:  'IconButton' is defined but never used  @typescript-eslint/no-unused-vars

src/pages/ModelManagement.tsx
  Line 8:10:  'ExpandMore' is defined but never used    @typescript-eslint/no-unused-vars
  Line 8:22:  'ChevronRight' is defined but never used  @typescript-eslint/no-unused-vars

src/pages/OtpVerify.tsx
  Line 12:27:  'user' is assigned a value but never used  @typescript-eslint/no-unused-vars

src/pages/Parsing.tsx
  Line 7:38:  'Stack' is defined but never used  @typescript-eslint/no-unused-vars

src/pages/Settings.tsx
  Line 4:46:  'Divider' is defined but never used  @typescript-eslint/no-unused-vars

Search for the keywords to learn more about each warning.
To ignore, add // eslint-disable-next-line to the line before.

WARNING in [eslint] 
src/layouts/MainLayout.tsx
  Line 4:25:   'AccountCircle' is defined but never used          @typescript-eslint/no-unused-vars
  Line 10:17:  'logout' is assigned a value but never used        @typescript-eslint/no-unused-vars
  Line 11:9:   'sidebarWidth' is assigned a value but never used  @typescript-eslint/no-unused-vars

src/pages/Dashboard.tsx
  Line 1:27:  'useEffect' is defined but never used  @typescript-eslint/no-unused-vars

src/pages/History.tsx
  Line 3:52:  'IconButton' is defined but never used  @typescript-eslint/no-unused-vars

src/pages/ModelManagement.tsx
  Line 8:10:  'ExpandMore' is defined but never used    @typescript-eslint/no-unused-vars
  Line 8:22:  'ChevronRight' is defined but never used  @typescript-eslint/no-unused-vars

src/pages/OtpVerify.tsx
  Line 12:27:  'user' is assigned a value but never used  @typescript-eslint/no-unused-vars

src/pages/Parsing.tsx
  Line 7:38:  'Stack' is defined but never used  @typescript-eslint/no-unused-vars

src/pages/Settings.tsx
  Line 4:46:  'Divider' is defined but never used  @typescript-eslint/no-unused-vars

webpack compiled with 1 warning
No issues found.
Compiling...
Compiled with warnings.

[eslint] 
src/layouts/MainLayout.tsx
  Line 4:25:   'AccountCircle' is defined but never used          @typescript-eslint/no-unused-vars
  Line 10:17:  'logout' is assigned a value but never used        @typescript-eslint/no-unused-vars
  Line 11:9:   'sidebarWidth' is assigned a value but never used  @typescript-eslint/no-unused-vars

src/pages/Dashboard.tsx
  Line 1:27:  'useEffect' is defined but never used  @typescript-eslint/no-unused-vars

src/pages/History.tsx
  Line 3:52:  'IconButton' is defined but never used  @typescript-eslint/no-unused-vars

src/pages/ModelManagement.tsx
  Line 8:10:  'ExpandMore' is defined but never used    @typescript-eslint/no-unused-vars
  Line 8:22:  'ChevronRight' is defined but never used  @typescript-eslint/no-unused-vars

src/pages/OtpVerify.tsx
  Line 12:27:  'user' is assigned a value but never used  @typescript-eslint/no-unused-vars

src/pages/Parsing.tsx
  Line 7:38:  'Stack' is defined but never used  @typescript-eslint/no-unused-vars

src/pages/Settings.tsx
  Line 4:46:  'Divider' is defined but never used  @typescript-eslint/no-unused-vars

Search for the keywords to learn more about each warning.
To ignore, add // eslint-disable-next-line to the line before.

WARNING in [eslint] 
src/layouts/MainLayout.tsx
  Line 4:25:   'AccountCircle' is defined but never used          @typescript-eslint/no-unused-vars
  Line 10:17:  'logout' is assigned a value but never used        @typescript-eslint/no-unused-vars
  Line 11:9:   'sidebarWidth' is assigned a value but never used  @typescript-eslint/no-unused-vars

src/pages/Dashboard.tsx
  Line 1:27:  'useEffect' is defined but never used  @typescript-eslint/no-unused-vars

src/pages/History.tsx
  Line 3:52:  'IconButton' is defined but never used  @typescript-eslint/no-unused-vars

src/pages/ModelManagement.tsx
  Line 8:10:  'ExpandMore' is defined but never used    @typescript-eslint/no-unused-vars
  Line 8:22:  'ChevronRight' is defined but never used  @typescript-eslint/no-unused-vars

src/pages/OtpVerify.tsx
  Line 12:27:  'user' is assigned a value but never used  @typescript-eslint/no-unused-vars

src/pages/Parsing.tsx
  Line 7:38:  'Stack' is defined but never used  @typescript-eslint/no-unused-vars

src/pages/Settings.tsx
  Line 4:46:  'Divider' is defined but never used  @typescript-eslint/no-unused-vars

webpack compiled with 1 warning
No issues found.
Compiling...
Compiled with warnings.

[eslint] 
src/layouts/MainLayout.tsx
  Line 4:25:   'AccountCircle' is defined but never used          @typescript-eslint/no-unused-vars
  Line 10:17:  'logout' is assigned a value but never used        @typescript-eslint/no-unused-vars
  Line 11:9:   'sidebarWidth' is assigned a value but never used  @typescript-eslint/no-unused-vars

src/pages/Dashboard.tsx
  Line 1:27:  'useEffect' is defined but never used  @typescript-eslint/no-unused-vars

src/pages/History.tsx
  Line 3:52:  'IconButton' is defined but never used  @typescript-eslint/no-unused-vars

src/pages/ModelManagement.tsx
  Line 8:10:  'ExpandMore' is defined but never used    @typescript-eslint/no-unused-vars
  Line 8:22:  'ChevronRight' is defined but never used  @typescript-eslint/no-unused-vars

src/pages/OtpVerify.tsx
  Line 12:27:  'user' is assigned a value but never used  @typescript-eslint/no-unused-vars

src/pages/Parsing.tsx
  Line 7:38:  'Stack' is defined but never used  @typescript-eslint/no-unused-vars

src/pages/Settings.tsx
  Line 4:46:  'Divider' is defined but never used  @typescript-eslint/no-unused-vars

Search for the keywords to learn more about each warning.
To ignore, add // eslint-disable-next-line to the line before.

WARNING in [eslint] 
src/layouts/MainLayout.tsx
  Line 4:25:   'AccountCircle' is defined but never used          @typescript-eslint/no-unused-vars
  Line 10:17:  'logout' is assigned a value but never used        @typescript-eslint/no-unused-vars
  Line 11:9:   'sidebarWidth' is assigned a value but never used  @typescript-eslint/no-unused-vars

src/pages/Dashboard.tsx
  Line 1:27:  'useEffect' is defined but never used  @typescript-eslint/no-unused-vars

src/pages/History.tsx
  Line 3:52:  'IconButton' is defined but never used  @typescript-eslint/no-unused-vars

src/pages/ModelManagement.tsx
  Line 8:10:  'ExpandMore' is defined but never used    @typescript-eslint/no-unused-vars
  Line 8:22:  'ChevronRight' is defined but never used  @typescript-eslint/no-unused-vars

src/pages/OtpVerify.tsx
  Line 12:27:  'user' is assigned a value but never used  @typescript-eslint/no-unused-vars

src/pages/Parsing.tsx
  Line 7:38:  'Stack' is defined but never used  @typescript-eslint/no-unused-vars

src/pages/Settings.tsx
  Line 4:46:  'Divider' is defined but never used  @typescript-eslint/no-unused-vars

webpack compiled with 1 warning
No issues found.
Compiling...
Compiled with warnings.

[eslint] 
src/layouts/MainLayout.tsx
  Line 4:25:   'AccountCircle' is defined but never used          @typescript-eslint/no-unused-vars
  Line 10:17:  'logout' is assigned a value but never used        @typescript-eslint/no-unused-vars
  Line 11:9:   'sidebarWidth' is assigned a value but never used  @typescript-eslint/no-unused-vars

src/pages/Dashboard.tsx
  Line 1:27:  'useEffect' is defined but never used  @typescript-eslint/no-unused-vars

src/pages/History.tsx
  Line 3:52:  'IconButton' is defined but never used  @typescript-eslint/no-unused-vars

src/pages/ModelManagement.tsx
  Line 8:10:  'ExpandMore' is defined but never used    @typescript-eslint/no-unused-vars
  Line 8:22:  'ChevronRight' is defined but never used  @typescript-eslint/no-unused-vars

src/pages/OtpVerify.tsx
  Line 12:27:  'user' is assigned a value but never used  @typescript-eslint/no-unused-vars

src/pages/Parsing.tsx
  Line 7:38:  'Stack' is defined but never used  @typescript-eslint/no-unused-vars

src/pages/Settings.tsx
  Line 4:46:  'Divider' is defined but never used  @typescript-eslint/no-unused-vars

Search for the keywords to learn more about each warning.
To ignore, add // eslint-disable-next-line to the line before.

WARNING in [eslint] 
src/layouts/MainLayout.tsx
  Line 4:25:   'AccountCircle' is defined but never used          @typescript-eslint/no-unused-vars
  Line 10:17:  'logout' is assigned a value but never used        @typescript-eslint/no-unused-vars
  Line 11:9:   'sidebarWidth' is assigned a value but never used  @typescript-eslint/no-unused-vars

src/pages/Dashboard.tsx
  Line 1:27:  'useEffect' is defined but never used  @typescript-eslint/no-unused-vars

src/pages/History.tsx
  Line 3:52:  'IconButton' is defined but never used  @typescript-eslint/no-unused-vars

src/pages/ModelManagement.tsx
  Line 8:10:  'ExpandMore' is defined but never used    @typescript-eslint/no-unused-vars
  Line 8:22:  'ChevronRight' is defined but never used  @typescript-eslint/no-unused-vars

src/pages/OtpVerify.tsx
  Line 12:27:  'user' is assigned a value but never used  @typescript-eslint/no-unused-vars

src/pages/Parsing.tsx
  Line 7:38:  'Stack' is defined but never used  @typescript-eslint/no-unused-vars

src/pages/Settings.tsx
  Line 4:46:  'Divider' is defined but never used  @typescript-eslint/no-unused-vars

webpack compiled with 1 warning
No issues found.
Compiling...
Compiled with warnings.

[eslint] 
src/layouts/MainLayout.tsx
  Line 4:25:   'AccountCircle' is defined but never used          @typescript-eslint/no-unused-vars
  Line 10:17:  'logout' is assigned a value but never used        @typescript-eslint/no-unused-vars
  Line 11:9:   'sidebarWidth' is assigned a value but never used  @typescript-eslint/no-unused-vars

src/pages/Dashboard.tsx
  Line 1:27:  'useEffect' is defined but never used  @typescript-eslint/no-unused-vars

src/pages/History.tsx
  Line 3:52:  'IconButton' is defined but never used  @typescript-eslint/no-unused-vars

src/pages/ModelManagement.tsx
  Line 8:10:  'ExpandMore' is defined but never used    @typescript-eslint/no-unused-vars
  Line 8:22:  'ChevronRight' is defined but never used  @typescript-eslint/no-unused-vars

src/pages/OtpVerify.tsx
  Line 12:27:  'user' is assigned a value but never used  @typescript-eslint/no-unused-vars

src/pages/Parsing.tsx
  Line 7:38:  'Stack' is defined but never used  @typescript-eslint/no-unused-vars

src/pages/Settings.tsx
  Line 4:46:  'Divider' is defined but never used  @typescript-eslint/no-unused-vars

Search for the keywords to learn more about each warning.
To ignore, add // eslint-disable-next-line to the line before.

WARNING in [eslint] 
src/layouts/MainLayout.tsx
  Line 4:25:   'AccountCircle' is defined but never used          @typescript-eslint/no-unused-vars
  Line 10:17:  'logout' is assigned a value but never used        @typescript-eslint/no-unused-vars
  Line 11:9:   'sidebarWidth' is assigned a value but never used  @typescript-eslint/no-unused-vars

src/pages/Dashboard.tsx
  Line 1:27:  'useEffect' is defined but never used  @typescript-eslint/no-unused-vars

src/pages/History.tsx
  Line 3:52:  'IconButton' is defined but never used  @typescript-eslint/no-unused-vars

src/pages/ModelManagement.tsx
  Line 8:10:  'ExpandMore' is defined but never used    @typescript-eslint/no-unused-vars
  Line 8:22:  'ChevronRight' is defined but never used  @typescript-eslint/no-unused-vars

src/pages/OtpVerify.tsx
  Line 12:27:  'user' is assigned a value but never used  @typescript-eslint/no-unused-vars

src/pages/Parsing.tsx
  Line 7:38:  'Stack' is defined but never used  @typescript-eslint/no-unused-vars

src/pages/Settings.tsx
  Line 4:46:  'Divider' is defined but never used  @typescript-eslint/no-unused-vars

webpack compiled with 1 warning
No issues found.
Compiling...
Compiled with warnings.

[eslint] 
src/layouts/MainLayout.tsx
  Line 4:25:   'AccountCircle' is defined but never used          @typescript-eslint/no-unused-vars
  Line 10:17:  'logout' is assigned a value but never used        @typescript-eslint/no-unused-vars
  Line 11:9:   'sidebarWidth' is assigned a value but never used  @typescript-eslint/no-unused-vars

src/pages/Dashboard.tsx
  Line 1:27:  'useEffect' is defined but never used  @typescript-eslint/no-unused-vars

src/pages/History.tsx
  Line 3:52:  'IconButton' is defined but never used  @typescript-eslint/no-unused-vars

src/pages/ModelManagement.tsx
  Line 8:10:  'ExpandMore' is defined but never used    @typescript-eslint/no-unused-vars
  Line 8:22:  'ChevronRight' is defined but never used  @typescript-eslint/no-unused-vars

src/pages/OtpVerify.tsx
  Line 12:27:  'user' is assigned a value but never used  @typescript-eslint/no-unused-vars

src/pages/Parsing.tsx
  Line 7:38:  'Stack' is defined but never used  @typescript-eslint/no-unused-vars

src/pages/Settings.tsx
  Line 4:46:  'Divider' is defined but never used  @typescript-eslint/no-unused-vars

Search for the keywords to learn more about each warning.
To ignore, add // eslint-disable-next-line to the line before.

WARNING in [eslint] 
src/layouts/MainLayout.tsx
  Line 4:25:   'AccountCircle' is defined but never used          @typescript-eslint/no-unused-vars
  Line 10:17:  'logout' is assigned a value but never used        @typescript-eslint/no-unused-vars
  Line 11:9:   'sidebarWidth' is assigned a value but never used  @typescript-eslint/no-unused-vars

src/pages/Dashboard.tsx
  Line 1:27:  'useEffect' is defined but never used  @typescript-eslint/no-unused-vars

src/pages/History.tsx
  Line 3:52:  'IconButton' is defined but never used  @typescript-eslint/no-unused-vars

src/pages/ModelManagement.tsx
  Line 8:10:  'ExpandMore' is defined but never used    @typescript-eslint/no-unused-vars
  Line 8:22:  'ChevronRight' is defined but never used  @typescript-eslint/no-unused-vars

src/pages/OtpVerify.tsx
  Line 12:27:  'user' is assigned a value but never used  @typescript-eslint/no-unused-vars

src/pages/Parsing.tsx
  Line 7:38:  'Stack' is defined but never used  @typescript-eslint/no-unused-vars

src/pages/Settings.tsx
  Line 4:46:  'Divider' is defined but never used  @typescript-eslint/no-unused-vars

webpack compiled with 1 warning
No issues found.
Compiling...
Failed to compile.

Attempted import error: 'parsingAPI' is not exported from '../services/api' (imported as 'parsingAPI').
WARNING in [eslint] 
src/layouts/MainLayout.tsx
  Line 4:25:   'AccountCircle' is defined but never used          @typescript-eslint/no-unused-vars
  Line 10:17:  'logout' is assigned a value but never used        @typescript-eslint/no-unused-vars
  Line 11:9:   'sidebarWidth' is assigned a value but never used  @typescript-eslint/no-unused-vars

src/pages/Dashboard.tsx
  Line 1:27:  'useEffect' is defined but never used  @typescript-eslint/no-unused-vars

src/pages/History.tsx
  Line 3:52:  'IconButton' is defined but never used  @typescript-eslint/no-unused-vars

src/pages/ModelManagement.tsx
  Line 8:10:  'ExpandMore' is defined but never used    @typescript-eslint/no-unused-vars
  Line 8:22:  'ChevronRight' is defined but never used  @typescript-eslint/no-unused-vars

src/pages/OtpVerify.tsx
  Line 12:27:  'user' is assigned a value but never used  @typescript-eslint/no-unused-vars

src/pages/Parsing.tsx
  Line 7:38:  'Stack' is defined but never used  @typescript-eslint/no-unused-vars

src/pages/Settings.tsx
  Line 4:46:  'Divider' is defined but never used  @typescript-eslint/no-unused-vars

ERROR in ./src/pages/Parsing.tsx 64:16-39
export 'parsingAPI' (imported as 'parsingAPI') was not found in '../services/api' (possible exports: TOKEN_KEY, baseApi, default, mappingAxios)

ERROR in ./src/pages/Parsing.tsx 97:14-39
export 'parsingAPI' (imported as 'parsingAPI') was not found in '../services/api' (possible exports: TOKEN_KEY, baseApi, default, mappingAxios)

ERROR in ./src/pages/Parsing.tsx 135:10-35
export 'parsingAPI' (imported as 'parsingAPI') was not found in '../services/api' (possible exports: TOKEN_KEY, baseApi, default, mappingAxios)

ERROR in ./src/pages/Parsing.tsx 140:10-41
export 'parsingAPI' (imported as 'parsingAPI') was not found in '../services/api' (possible exports: TOKEN_KEY, baseApi, default, mappingAxios)

ERROR in ./src/pages/Parsing.tsx 148:16-44
export 'parsingAPI' (imported as 'parsingAPI') was not found in '../services/api' (possible exports: TOKEN_KEY, baseApi, default, mappingAxios)

ERROR in ./src/pages/Verification.tsx 50:24-47
export 'parsingAPI' (imported as 'parsingAPI') was not found in '../services/api' (possible exports: TOKEN_KEY, baseApi, default, mappingAxios)

ERROR in ./src/pages/Verification.tsx 60:26-49
export 'parsingAPI' (imported as 'parsingAPI') was not found in '../services/api' (possible exports: TOKEN_KEY, baseApi, default, mappingAxios)

ERROR in ./src/pages/Verification.tsx 73:12-30
export 'mappingAPI' (imported as 'mappingAPI') was not found in '../services/api' (possible exports: TOKEN_KEY, baseApi, default, mappingAxios)

ERROR in ./src/pages/Verification.tsx 83:24-45
export 'mappingAPI' (imported as 'mappingAPI') was not found in '../services/api' (possible exports: TOKEN_KEY, baseApi, default, mappingAxios)

ERROR in ./src/pages/Verification.tsx 99:12-33
export 'mappingAPI' (imported as 'mappingAPI') was not found in '../services/api' (possible exports: TOKEN_KEY, baseApi, default, mappingAxios)

webpack compiled with 10 errors and 1 warning
ERROR in src/pages/Parsing.tsx:13:10
TS2614: Module '"../services/api"' has no exported member 'parsingAPI'. Did you mean to use 'import parsingAPI from "../services/api"' instead?
    11 |   CheckCircle, Error as ErrorIcon, HourglassEmpty, Visibility,
    12 | } from '@mui/icons-material';
  > 13 | import { parsingAPI } from '../services/api';
       |          ^^^^^^^^^^
    14 |
    15 | interface EstimateItem {
    16 |   original_name: string;

ERROR in src/pages/Verification.tsx:9:10
TS2724: '"../services/api"' has no exported member named 'mappingAPI'. Did you mean 'mappingAxios'?
     7 | } from '@mui/material';
     8 | import { Check, Edit, PlayArrow, Save } from '@mui/icons-material';
  >  9 | import { mappingAPI, parsingAPI } from '../services/api';
       |          ^^^^^^^^^^
    10 |
    11 | interface MappingItem {
    12 |   item_index: number;

ERROR in src/pages/Verification.tsx:9:22
TS2614: Module '"../services/api"' has no exported member 'parsingAPI'. Did you mean to use 'import parsingAPI from "../services/api"' instead?
     7 | } from '@mui/material';
     8 | import { Check, Edit, PlayArrow, Save } from '@mui/icons-material';
  >  9 | import { mappingAPI, parsingAPI } from '../services/api';
       |                      ^^^^^^^^^^
    10 |
    11 | interface MappingItem {
    12 |   item_index: number;

Compiling...
Failed to compile.

Attempted import error: 'parsingAPI' is not exported from '../services/api' (imported as 'parsingAPI').
WARNING in [eslint] 
src/layouts/MainLayout.tsx
  Line 4:25:   'AccountCircle' is defined but never used          @typescript-eslint/no-unused-vars
  Line 10:17:  'logout' is assigned a value but never used        @typescript-eslint/no-unused-vars
  Line 11:9:   'sidebarWidth' is assigned a value but never used  @typescript-eslint/no-unused-vars

src/pages/Dashboard.tsx
  Line 1:27:  'useEffect' is defined but never used  @typescript-eslint/no-unused-vars

src/pages/History.tsx
  Line 3:52:  'IconButton' is defined but never used  @typescript-eslint/no-unused-vars

src/pages/ModelManagement.tsx
  Line 8:10:  'ExpandMore' is defined but never used    @typescript-eslint/no-unused-vars
  Line 8:22:  'ChevronRight' is defined but never used  @typescript-eslint/no-unused-vars

src/pages/OtpVerify.tsx
  Line 12:27:  'user' is assigned a value but never used  @typescript-eslint/no-unused-vars

src/pages/Parsing.tsx
  Line 7:38:  'Stack' is defined but never used  @typescript-eslint/no-unused-vars

src/pages/Settings.tsx
  Line 4:46:  'Divider' is defined but never used  @typescript-eslint/no-unused-vars

ERROR in ./src/pages/Parsing.tsx 64:16-39
export 'parsingAPI' (imported as 'parsingAPI') was not found in '../services/api' (possible exports: TOKEN_KEY, baseApi, default, mappingAxios)

ERROR in ./src/pages/Parsing.tsx 97:14-39
export 'parsingAPI' (imported as 'parsingAPI') was not found in '../services/api' (possible exports: TOKEN_KEY, baseApi, default, mappingAxios)

ERROR in ./src/pages/Parsing.tsx 135:10-35
export 'parsingAPI' (imported as 'parsingAPI') was not found in '../services/api' (possible exports: TOKEN_KEY, baseApi, default, mappingAxios)

ERROR in ./src/pages/Parsing.tsx 140:10-41
export 'parsingAPI' (imported as 'parsingAPI') was not found in '../services/api' (possible exports: TOKEN_KEY, baseApi, default, mappingAxios)

ERROR in ./src/pages/Parsing.tsx 148:16-44
export 'parsingAPI' (imported as 'parsingAPI') was not found in '../services/api' (possible exports: TOKEN_KEY, baseApi, default, mappingAxios)

ERROR in ./src/pages/Verification.tsx 50:24-47
export 'parsingAPI' (imported as 'parsingAPI') was not found in '../services/api' (possible exports: TOKEN_KEY, baseApi, default, mappingAxios)

ERROR in ./src/pages/Verification.tsx 60:26-49
export 'parsingAPI' (imported as 'parsingAPI') was not found in '../services/api' (possible exports: TOKEN_KEY, baseApi, default, mappingAxios)

ERROR in ./src/pages/Verification.tsx 73:12-30
export 'mappingAPI' (imported as 'mappingAPI') was not found in '../services/api' (possible exports: TOKEN_KEY, baseApi, default, mappingAxios)

ERROR in ./src/pages/Verification.tsx 83:24-45
export 'mappingAPI' (imported as 'mappingAPI') was not found in '../services/api' (possible exports: TOKEN_KEY, baseApi, default, mappingAxios)

ERROR in ./src/pages/Verification.tsx 99:12-33
export 'mappingAPI' (imported as 'mappingAPI') was not found in '../services/api' (possible exports: TOKEN_KEY, baseApi, default, mappingAxios)

webpack compiled with 10 errors and 1 warning
ERROR in src/pages/Parsing.tsx:13:10
TS2614: Module '"../services/api"' has no exported member 'parsingAPI'. Did you mean to use 'import parsingAPI from "../services/api"' instead?
    11 |   CheckCircle, Error as ErrorIcon, HourglassEmpty, Visibility,
    12 | } from '@mui/icons-material';
  > 13 | import { parsingAPI } from '../services/api';
       |          ^^^^^^^^^^
    14 |
    15 | interface EstimateItem {
    16 |   original_name: string;

ERROR in src/pages/Verification.tsx:9:10
TS2724: '"../services/api"' has no exported member named 'mappingAPI'. Did you mean 'mappingAxios'?
     7 | } from '@mui/material';
     8 | import { Check, Edit, PlayArrow, Save } from '@mui/icons-material';
  >  9 | import { mappingAPI, parsingAPI } from '../services/api';
       |          ^^^^^^^^^^
    10 |
    11 | interface MappingItem {
    12 |   item_index: number;

ERROR in src/pages/Verification.tsx:9:22
TS2614: Module '"../services/api"' has no exported member 'parsingAPI'. Did you mean to use 'import parsingAPI from "../services/api"' instead?
     7 | } from '@mui/material';
     8 | import { Check, Edit, PlayArrow, Save } from '@mui/icons-material';
  >  9 | import { mappingAPI, parsingAPI } from '../services/api';
       |                      ^^^^^^^^^^
    10 |
    11 | interface MappingItem {
    12 |   item_index: number;

Compiling...
Failed to compile.

Attempted import error: 'parsingAPI' is not exported from '../services/api' (imported as 'parsingAPI').
WARNING in [eslint] 
src/layouts/MainLayout.tsx
  Line 4:25:   'AccountCircle' is defined but never used          @typescript-eslint/no-unused-vars
  Line 10:17:  'logout' is assigned a value but never used        @typescript-eslint/no-unused-vars
  Line 11:9:   'sidebarWidth' is assigned a value but never used  @typescript-eslint/no-unused-vars

src/pages/Dashboard.tsx
  Line 1:27:  'useEffect' is defined but never used  @typescript-eslint/no-unused-vars

src/pages/History.tsx
  Line 3:52:  'IconButton' is defined but never used  @typescript-eslint/no-unused-vars

src/pages/ModelManagement.tsx
  Line 8:10:  'ExpandMore' is defined but never used    @typescript-eslint/no-unused-vars
  Line 8:22:  'ChevronRight' is defined but never used  @typescript-eslint/no-unused-vars

src/pages/OtpVerify.tsx
  Line 12:27:  'user' is assigned a value but never used  @typescript-eslint/no-unused-vars

src/pages/Parsing.tsx
  Line 7:38:  'Stack' is defined but never used  @typescript-eslint/no-unused-vars

src/pages/Settings.tsx
  Line 4:46:  'Divider' is defined but never used  @typescript-eslint/no-unused-vars

ERROR in ./src/pages/Parsing.tsx 64:16-39
export 'parsingAPI' (imported as 'parsingAPI') was not found in '../services/api' (possible exports: TOKEN_KEY, baseApi, default, mappingAxios)

ERROR in ./src/pages/Parsing.tsx 97:14-39
export 'parsingAPI' (imported as 'parsingAPI') was not found in '../services/api' (possible exports: TOKEN_KEY, baseApi, default, mappingAxios)

ERROR in ./src/pages/Parsing.tsx 135:10-35
export 'parsingAPI' (imported as 'parsingAPI') was not found in '../services/api' (possible exports: TOKEN_KEY, baseApi, default, mappingAxios)

ERROR in ./src/pages/Parsing.tsx 140:10-41
export 'parsingAPI' (imported as 'parsingAPI') was not found in '../services/api' (possible exports: TOKEN_KEY, baseApi, default, mappingAxios)

ERROR in ./src/pages/Parsing.tsx 148:16-44
export 'parsingAPI' (imported as 'parsingAPI') was not found in '../services/api' (possible exports: TOKEN_KEY, baseApi, default, mappingAxios)

ERROR in ./src/pages/Verification.tsx 50:24-47
export 'parsingAPI' (imported as 'parsingAPI') was not found in '../services/api' (possible exports: TOKEN_KEY, baseApi, default, mappingAxios)

ERROR in ./src/pages/Verification.tsx 60:26-49
export 'parsingAPI' (imported as 'parsingAPI') was not found in '../services/api' (possible exports: TOKEN_KEY, baseApi, default, mappingAxios)

ERROR in ./src/pages/Verification.tsx 73:12-30
export 'mappingAPI' (imported as 'mappingAPI') was not found in '../services/api' (possible exports: TOKEN_KEY, baseApi, default, mappingAxios)

ERROR in ./src/pages/Verification.tsx 83:24-45
export 'mappingAPI' (imported as 'mappingAPI') was not found in '../services/api' (possible exports: TOKEN_KEY, baseApi, default, mappingAxios)

ERROR in ./src/pages/Verification.tsx 99:12-33
export 'mappingAPI' (imported as 'mappingAPI') was not found in '../services/api' (possible exports: TOKEN_KEY, baseApi, default, mappingAxios)

webpack compiled with 10 errors and 1 warning
ERROR in src/pages/Parsing.tsx:13:10
TS2614: Module '"../services/api"' has no exported member 'parsingAPI'. Did you mean to use 'import parsingAPI from "../services/api"' instead?
    11 |   CheckCircle, Error as ErrorIcon, HourglassEmpty, Visibility,
    12 | } from '@mui/icons-material';
  > 13 | import { parsingAPI } from '../services/api';
       |          ^^^^^^^^^^
    14 |
    15 | interface EstimateItem {
    16 |   original_name: string;

ERROR in src/pages/Verification.tsx:9:10
TS2724: '"../services/api"' has no exported member named 'mappingAPI'. Did you mean 'mappingAxios'?
     7 | } from '@mui/material';
     8 | import { Check, Edit, PlayArrow, Save } from '@mui/icons-material';
  >  9 | import { mappingAPI, parsingAPI } from '../services/api';
       |          ^^^^^^^^^^
    10 |
    11 | interface MappingItem {
    12 |   item_index: number;

ERROR in src/pages/Verification.tsx:9:22
TS2614: Module '"../services/api"' has no exported member 'parsingAPI'. Did you mean to use 'import parsingAPI from "../services/api"' instead?
     7 | } from '@mui/material';
     8 | import { Check, Edit, PlayArrow, Save } from '@mui/icons-material';
  >  9 | import { mappingAPI, parsingAPI } from '../services/api';
       |                      ^^^^^^^^^^
    10 |
    11 | interface MappingItem {
    12 |   item_index: number;

Compiling...
Failed to compile.

Attempted import error: 'parsingAPI' is not exported from '../services/api' (imported as 'parsingAPI').
WARNING in [eslint] 
src/layouts/MainLayout.tsx
  Line 4:25:   'AccountCircle' is defined but never used          @typescript-eslint/no-unused-vars
  Line 10:17:  'logout' is assigned a value but never used        @typescript-eslint/no-unused-vars
  Line 11:9:   'sidebarWidth' is assigned a value but never used  @typescript-eslint/no-unused-vars

src/pages/Dashboard.tsx
  Line 1:27:  'useEffect' is defined but never used  @typescript-eslint/no-unused-vars

src/pages/History.tsx
  Line 3:52:  'IconButton' is defined but never used  @typescript-eslint/no-unused-vars

src/pages/ModelManagement.tsx
  Line 8:10:  'ExpandMore' is defined but never used    @typescript-eslint/no-unused-vars
  Line 8:22:  'ChevronRight' is defined but never used  @typescript-eslint/no-unused-vars

src/pages/OtpVerify.tsx
  Line 12:27:  'user' is assigned a value but never used  @typescript-eslint/no-unused-vars

src/pages/Parsing.tsx
  Line 7:38:  'Stack' is defined but never used  @typescript-eslint/no-unused-vars

src/pages/Settings.tsx
  Line 4:46:  'Divider' is defined but never used  @typescript-eslint/no-unused-vars

ERROR in ./src/pages/Parsing.tsx 64:16-39
export 'parsingAPI' (imported as 'parsingAPI') was not found in '../services/api' (possible exports: TOKEN_KEY, baseApi, default, mappingAxios)

ERROR in ./src/pages/Parsing.tsx 97:14-39
export 'parsingAPI' (imported as 'parsingAPI') was not found in '../services/api' (possible exports: TOKEN_KEY, baseApi, default, mappingAxios)

ERROR in ./src/pages/Parsing.tsx 135:10-35
export 'parsingAPI' (imported as 'parsingAPI') was not found in '../services/api' (possible exports: TOKEN_KEY, baseApi, default, mappingAxios)

ERROR in ./src/pages/Parsing.tsx 140:10-41
export 'parsingAPI' (imported as 'parsingAPI') was not found in '../services/api' (possible exports: TOKEN_KEY, baseApi, default, mappingAxios)

ERROR in ./src/pages/Parsing.tsx 148:16-44
export 'parsingAPI' (imported as 'parsingAPI') was not found in '../services/api' (possible exports: TOKEN_KEY, baseApi, default, mappingAxios)

ERROR in ./src/pages/Verification.tsx 50:24-47
export 'parsingAPI' (imported as 'parsingAPI') was not found in '../services/api' (possible exports: TOKEN_KEY, baseApi, default, mappingAxios)

ERROR in ./src/pages/Verification.tsx 60:26-49
export 'parsingAPI' (imported as 'parsingAPI') was not found in '../services/api' (possible exports: TOKEN_KEY, baseApi, default, mappingAxios)

ERROR in ./src/pages/Verification.tsx 73:12-30
export 'mappingAPI' (imported as 'mappingAPI') was not found in '../services/api' (possible exports: TOKEN_KEY, baseApi, default, mappingAxios)

ERROR in ./src/pages/Verification.tsx 83:24-45
export 'mappingAPI' (imported as 'mappingAPI') was not found in '../services/api' (possible exports: TOKEN_KEY, baseApi, default, mappingAxios)

ERROR in ./src/pages/Verification.tsx 99:12-33
export 'mappingAPI' (imported as 'mappingAPI') was not found in '../services/api' (possible exports: TOKEN_KEY, baseApi, default, mappingAxios)

webpack compiled with 10 errors and 1 warning
ERROR in src/pages/Parsing.tsx:13:10
TS2614: Module '"../services/api"' has no exported member 'parsingAPI'. Did you mean to use 'import parsingAPI from "../services/api"' instead?
    11 |   CheckCircle, Error as ErrorIcon, HourglassEmpty, Visibility,
    12 | } from '@mui/icons-material';
  > 13 | import { parsingAPI } from '../services/api';
       |          ^^^^^^^^^^
    14 |
    15 | interface EstimateItem {
    16 |   original_name: string;

ERROR in src/pages/Verification.tsx:9:10
TS2724: '"../services/api"' has no exported member named 'mappingAPI'. Did you mean 'mappingAxios'?
     7 | } from '@mui/material';
     8 | import { Check, Edit, PlayArrow, Save } from '@mui/icons-material';
  >  9 | import { mappingAPI, parsingAPI } from '../services/api';
       |          ^^^^^^^^^^
    10 |
    11 | interface MappingItem {
    12 |   item_index: number;

ERROR in src/pages/Verification.tsx:9:22
TS2614: Module '"../services/api"' has no exported member 'parsingAPI'. Did you mean to use 'import parsingAPI from "../services/api"' instead?
     7 | } from '@mui/material';
     8 | import { Check, Edit, PlayArrow, Save } from '@mui/icons-material';
  >  9 | import { mappingAPI, parsingAPI } from '../services/api';
       |                      ^^^^^^^^^^
    10 |
    11 | interface MappingItem {
    12 |   item_index: number;

Compiling...
Failed to compile.

Attempted import error: 'parsingAPI' is not exported from '../services/api' (imported as 'parsingAPI').
WARNING in [eslint] 
src/layouts/MainLayout.tsx
  Line 4:25:   'AccountCircle' is defined but never used          @typescript-eslint/no-unused-vars
  Line 10:17:  'logout' is assigned a value but never used        @typescript-eslint/no-unused-vars
  Line 11:9:   'sidebarWidth' is assigned a value but never used  @typescript-eslint/no-unused-vars

src/pages/Dashboard.tsx
  Line 1:27:  'useEffect' is defined but never used  @typescript-eslint/no-unused-vars

src/pages/History.tsx
  Line 3:52:  'IconButton' is defined but never used  @typescript-eslint/no-unused-vars

src/pages/ModelManagement.tsx
  Line 8:10:  'ExpandMore' is defined but never used    @typescript-eslint/no-unused-vars
  Line 8:22:  'ChevronRight' is defined but never used  @typescript-eslint/no-unused-vars

src/pages/OtpVerify.tsx
  Line 12:27:  'user' is assigned a value but never used  @typescript-eslint/no-unused-vars

src/pages/Parsing.tsx
  Line 7:38:  'Stack' is defined but never used  @typescript-eslint/no-unused-vars

src/pages/Settings.tsx
  Line 4:46:  'Divider' is defined but never used  @typescript-eslint/no-unused-vars

ERROR in ./src/pages/Parsing.tsx 64:16-39
export 'parsingAPI' (imported as 'parsingAPI') was not found in '../services/api' (possible exports: TOKEN_KEY, baseApi, default, mappingAxios)

ERROR in ./src/pages/Parsing.tsx 97:14-39
export 'parsingAPI' (imported as 'parsingAPI') was not found in '../services/api' (possible exports: TOKEN_KEY, baseApi, default, mappingAxios)

ERROR in ./src/pages/Parsing.tsx 135:10-35
export 'parsingAPI' (imported as 'parsingAPI') was not found in '../services/api' (possible exports: TOKEN_KEY, baseApi, default, mappingAxios)

ERROR in ./src/pages/Parsing.tsx 140:10-41
export 'parsingAPI' (imported as 'parsingAPI') was not found in '../services/api' (possible exports: TOKEN_KEY, baseApi, default, mappingAxios)

ERROR in ./src/pages/Parsing.tsx 148:16-44
export 'parsingAPI' (imported as 'parsingAPI') was not found in '../services/api' (possible exports: TOKEN_KEY, baseApi, default, mappingAxios)

ERROR in ./src/pages/Verification.tsx 50:24-47
export 'parsingAPI' (imported as 'parsingAPI') was not found in '../services/api' (possible exports: TOKEN_KEY, baseApi, default, mappingAxios)

ERROR in ./src/pages/Verification.tsx 60:26-49
export 'parsingAPI' (imported as 'parsingAPI') was not found in '../services/api' (possible exports: TOKEN_KEY, baseApi, default, mappingAxios)

ERROR in ./src/pages/Verification.tsx 73:12-30
export 'mappingAPI' (imported as 'mappingAPI') was not found in '../services/api' (possible exports: TOKEN_KEY, baseApi, default, mappingAxios)

ERROR in ./src/pages/Verification.tsx 83:24-45
export 'mappingAPI' (imported as 'mappingAPI') was not found in '../services/api' (possible exports: TOKEN_KEY, baseApi, default, mappingAxios)

ERROR in ./src/pages/Verification.tsx 99:12-33
export 'mappingAPI' (imported as 'mappingAPI') was not found in '../services/api' (possible exports: TOKEN_KEY, baseApi, default, mappingAxios)

webpack compiled with 10 errors and 1 warning
ERROR in src/pages/Parsing.tsx:13:10
TS2614: Module '"../services/api"' has no exported member 'parsingAPI'. Did you mean to use 'import parsingAPI from "../services/api"' instead?
    11 |   CheckCircle, Error as ErrorIcon, HourglassEmpty, Visibility,
    12 | } from '@mui/icons-material';
  > 13 | import { parsingAPI } from '../services/api';
       |          ^^^^^^^^^^
    14 |
    15 | interface EstimateItem {
    16 |   original_name: string;

ERROR in src/pages/Verification.tsx:9:10
TS2724: '"../services/api"' has no exported member named 'mappingAPI'. Did you mean 'mappingAxios'?
     7 | } from '@mui/material';
     8 | import { Check, Edit, PlayArrow, Save } from '@mui/icons-material';
  >  9 | import { mappingAPI, parsingAPI } from '../services/api';
       |          ^^^^^^^^^^
    10 |
    11 | interface MappingItem {
    12 |   item_index: number;

ERROR in src/pages/Verification.tsx:9:22
TS2614: Module '"../services/api"' has no exported member 'parsingAPI'. Did you mean to use 'import parsingAPI from "../services/api"' instead?
     7 | } from '@mui/material';
     8 | import { Check, Edit, PlayArrow, Save } from '@mui/icons-material';
  >  9 | import { mappingAPI, parsingAPI } from '../services/api';
       |                      ^^^^^^^^^^
    10 |
    11 | interface MappingItem {
    12 |   item_index: number;

Compiling...
Failed to compile.

Attempted import error: 'parsingAPI' is not exported from '../services/api' (imported as 'parsingAPI').
WARNING in [eslint] 
src/layouts/MainLayout.tsx
  Line 4:25:   'AccountCircle' is defined but never used          @typescript-eslint/no-unused-vars
  Line 10:17:  'logout' is assigned a value but never used        @typescript-eslint/no-unused-vars
  Line 11:9:   'sidebarWidth' is assigned a value but never used  @typescript-eslint/no-unused-vars

src/pages/Dashboard.tsx
  Line 1:27:  'useEffect' is defined but never used  @typescript-eslint/no-unused-vars

src/pages/History.tsx
  Line 3:52:  'IconButton' is defined but never used  @typescript-eslint/no-unused-vars

src/pages/ModelManagement.tsx
  Line 8:10:  'ExpandMore' is defined but never used    @typescript-eslint/no-unused-vars
  Line 8:22:  'ChevronRight' is defined but never used  @typescript-eslint/no-unused-vars

src/pages/OtpVerify.tsx
  Line 12:27:  'user' is assigned a value but never used  @typescript-eslint/no-unused-vars

src/pages/Parsing.tsx
  Line 7:38:  'Stack' is defined but never used  @typescript-eslint/no-unused-vars

src/pages/Settings.tsx
  Line 4:46:  'Divider' is defined but never used  @typescript-eslint/no-unused-vars

ERROR in ./src/pages/Verification.tsx 50:24-47
export 'parsingAPI' (imported as 'parsingAPI') was not found in '../services/api' (possible exports: TOKEN_KEY, baseApi, default, mappingAxios)

ERROR in ./src/pages/Verification.tsx 60:26-49
export 'parsingAPI' (imported as 'parsingAPI') was not found in '../services/api' (possible exports: TOKEN_KEY, baseApi, default, mappingAxios)

ERROR in ./src/pages/Verification.tsx 73:12-30
export 'mappingAPI' (imported as 'mappingAPI') was not found in '../services/api' (possible exports: TOKEN_KEY, baseApi, default, mappingAxios)

ERROR in ./src/pages/Verification.tsx 83:24-45
export 'mappingAPI' (imported as 'mappingAPI') was not found in '../services/api' (possible exports: TOKEN_KEY, baseApi, default, mappingAxios)

ERROR in ./src/pages/Verification.tsx 99:12-33
export 'mappingAPI' (imported as 'mappingAPI') was not found in '../services/api' (possible exports: TOKEN_KEY, baseApi, default, mappingAxios)

webpack compiled with 5 errors and 1 warning
ERROR in src/pages/Verification.tsx:9:10
TS2724: '"../services/api"' has no exported member named 'mappingAPI'. Did you mean 'mappingAxios'?
     7 | } from '@mui/material';
     8 | import { Check, Edit, PlayArrow, Save } from '@mui/icons-material';
  >  9 | import { mappingAPI, parsingAPI } from '../services/api';
       |          ^^^^^^^^^^
    10 |
    11 | interface MappingItem {
    12 |   item_index: number;

ERROR in src/pages/Verification.tsx:9:22
TS2614: Module '"../services/api"' has no exported member 'parsingAPI'. Did you mean to use 'import parsingAPI from "../services/api"' instead?
     7 | } from '@mui/material';
     8 | import { Check, Edit, PlayArrow, Save } from '@mui/icons-material';
  >  9 | import { mappingAPI, parsingAPI } from '../services/api';
       |                      ^^^^^^^^^^
    10 |
    11 | interface MappingItem {
    12 |   item_index: number;

Compiling...
Compiled with warnings.

[eslint] 
src/layouts/MainLayout.tsx
  Line 4:25:   'AccountCircle' is defined but never used          @typescript-eslint/no-unused-vars
  Line 10:17:  'logout' is assigned a value but never used        @typescript-eslint/no-unused-vars
  Line 11:9:   'sidebarWidth' is assigned a value but never used  @typescript-eslint/no-unused-vars

src/pages/Dashboard.tsx
  Line 1:27:  'useEffect' is defined but never used  @typescript-eslint/no-unused-vars

src/pages/History.tsx
  Line 3:52:  'IconButton' is defined but never used  @typescript-eslint/no-unused-vars

src/pages/ModelManagement.tsx
  Line 8:10:  'ExpandMore' is defined but never used    @typescript-eslint/no-unused-vars
  Line 8:22:  'ChevronRight' is defined but never used  @typescript-eslint/no-unused-vars

src/pages/OtpVerify.tsx
  Line 12:27:  'user' is assigned a value but never used  @typescript-eslint/no-unused-vars

src/pages/Parsing.tsx
  Line 7:38:  'Stack' is defined but never used  @typescript-eslint/no-unused-vars

src/pages/Settings.tsx
  Line 4:46:  'Divider' is defined but never used  @typescript-eslint/no-unused-vars

Search for the keywords to learn more about each warning.
To ignore, add // eslint-disable-next-line to the line before.

WARNING in [eslint] 
src/layouts/MainLayout.tsx
  Line 4:25:   'AccountCircle' is defined but never used          @typescript-eslint/no-unused-vars
  Line 10:17:  'logout' is assigned a value but never used        @typescript-eslint/no-unused-vars
  Line 11:9:   'sidebarWidth' is assigned a value but never used  @typescript-eslint/no-unused-vars

src/pages/Dashboard.tsx
  Line 1:27:  'useEffect' is defined but never used  @typescript-eslint/no-unused-vars

src/pages/History.tsx
  Line 3:52:  'IconButton' is defined but never used  @typescript-eslint/no-unused-vars

src/pages/ModelManagement.tsx
  Line 8:10:  'ExpandMore' is defined but never used    @typescript-eslint/no-unused-vars
  Line 8:22:  'ChevronRight' is defined but never used  @typescript-eslint/no-unused-vars

src/pages/OtpVerify.tsx
  Line 12:27:  'user' is assigned a value but never used  @typescript-eslint/no-unused-vars

src/pages/Parsing.tsx
  Line 7:38:  'Stack' is defined but never used  @typescript-eslint/no-unused-vars

src/pages/Settings.tsx
  Line 4:46:  'Divider' is defined but never used  @typescript-eslint/no-unused-vars

webpack compiled with 1 warning
No issues found.
Compiling...
Compiled with warnings.

[eslint] 
src/layouts/MainLayout.tsx
  Line 4:25:   'AccountCircle' is defined but never used          @typescript-eslint/no-unused-vars
  Line 10:17:  'logout' is assigned a value but never used        @typescript-eslint/no-unused-vars
  Line 11:9:   'sidebarWidth' is assigned a value but never used  @typescript-eslint/no-unused-vars

src/pages/Dashboard.tsx
  Line 1:27:  'useEffect' is defined but never used  @typescript-eslint/no-unused-vars

src/pages/History.tsx
  Line 3:52:  'IconButton' is defined but never used  @typescript-eslint/no-unused-vars

src/pages/ModelManagement.tsx
  Line 8:10:  'ExpandMore' is defined but never used    @typescript-eslint/no-unused-vars
  Line 8:22:  'ChevronRight' is defined but never used  @typescript-eslint/no-unused-vars

src/pages/OtpVerify.tsx
  Line 12:27:  'user' is assigned a value but never used  @typescript-eslint/no-unused-vars

src/pages/Parsing.tsx
  Line 11:38:  'Stack' is defined but never used  @typescript-eslint/no-unused-vars

src/pages/Settings.tsx
  Line 4:46:  'Divider' is defined but never used  @typescript-eslint/no-unused-vars

Search for the keywords to learn more about each warning.
To ignore, add // eslint-disable-next-line to the line before.

WARNING in [eslint] 
src/layouts/MainLayout.tsx
  Line 4:25:   'AccountCircle' is defined but never used          @typescript-eslint/no-unused-vars
  Line 10:17:  'logout' is assigned a value but never used        @typescript-eslint/no-unused-vars
  Line 11:9:   'sidebarWidth' is assigned a value but never used  @typescript-eslint/no-unused-vars

src/pages/Dashboard.tsx
  Line 1:27:  'useEffect' is defined but never used  @typescript-eslint/no-unused-vars

src/pages/History.tsx
  Line 3:52:  'IconButton' is defined but never used  @typescript-eslint/no-unused-vars

src/pages/ModelManagement.tsx
  Line 8:10:  'ExpandMore' is defined but never used    @typescript-eslint/no-unused-vars
  Line 8:22:  'ChevronRight' is defined but never used  @typescript-eslint/no-unused-vars

src/pages/OtpVerify.tsx
  Line 12:27:  'user' is assigned a value but never used  @typescript-eslint/no-unused-vars

src/pages/Parsing.tsx
  Line 11:38:  'Stack' is defined but never used  @typescript-eslint/no-unused-vars

src/pages/Settings.tsx
  Line 4:46:  'Divider' is defined but never used  @typescript-eslint/no-unused-vars

webpack compiled with 1 warning
No issues found.
Compiling...
Compiled with warnings.

[eslint] 
src/layouts/MainLayout.tsx
  Line 4:25:   'AccountCircle' is defined but never used          @typescript-eslint/no-unused-vars
  Line 10:17:  'logout' is assigned a value but never used        @typescript-eslint/no-unused-vars
  Line 11:9:   'sidebarWidth' is assigned a value but never used  @typescript-eslint/no-unused-vars

src/pages/Dashboard.tsx
  Line 1:27:  'useEffect' is defined but never used  @typescript-eslint/no-unused-vars

src/pages/History.tsx
  Line 3:52:  'IconButton' is defined but never used  @typescript-eslint/no-unused-vars

src/pages/ModelManagement.tsx
  Line 8:10:  'ExpandMore' is defined but never used    @typescript-eslint/no-unused-vars
  Line 8:22:  'ChevronRight' is defined but never used  @typescript-eslint/no-unused-vars

src/pages/OtpVerify.tsx
  Line 12:27:  'user' is assigned a value but never used  @typescript-eslint/no-unused-vars

src/pages/Parsing.tsx
  Line 11:38:  'Stack' is defined but never used  @typescript-eslint/no-unused-vars

src/pages/Settings.tsx
  Line 4:46:  'Divider' is defined but never used  @typescript-eslint/no-unused-vars

Search for the keywords to learn more about each warning.
To ignore, add // eslint-disable-next-line to the line before.

WARNING in [eslint] 
src/layouts/MainLayout.tsx
  Line 4:25:   'AccountCircle' is defined but never used          @typescript-eslint/no-unused-vars
  Line 10:17:  'logout' is assigned a value but never used        @typescript-eslint/no-unused-vars
  Line 11:9:   'sidebarWidth' is assigned a value but never used  @typescript-eslint/no-unused-vars

src/pages/Dashboard.tsx
  Line 1:27:  'useEffect' is defined but never used  @typescript-eslint/no-unused-vars

src/pages/History.tsx
  Line 3:52:  'IconButton' is defined but never used  @typescript-eslint/no-unused-vars

src/pages/ModelManagement.tsx
  Line 8:10:  'ExpandMore' is defined but never used    @typescript-eslint/no-unused-vars
  Line 8:22:  'ChevronRight' is defined but never used  @typescript-eslint/no-unused-vars

src/pages/OtpVerify.tsx
  Line 12:27:  'user' is assigned a value but never used  @typescript-eslint/no-unused-vars

src/pages/Parsing.tsx
  Line 11:38:  'Stack' is defined but never used  @typescript-eslint/no-unused-vars

src/pages/Settings.tsx
  Line 4:46:  'Divider' is defined but never used  @typescript-eslint/no-unused-vars

webpack compiled with 1 warning
No issues found.
Compiling...
Compiled with warnings.

[eslint] 
src/layouts/MainLayout.tsx
  Line 4:25:   'AccountCircle' is defined but never used          @typescript-eslint/no-unused-vars
  Line 10:17:  'logout' is assigned a value but never used        @typescript-eslint/no-unused-vars
  Line 11:9:   'sidebarWidth' is assigned a value but never used  @typescript-eslint/no-unused-vars

src/pages/Dashboard.tsx
  Line 1:27:  'useEffect' is defined but never used  @typescript-eslint/no-unused-vars

src/pages/History.tsx
  Line 3:52:  'IconButton' is defined but never used  @typescript-eslint/no-unused-vars

src/pages/ModelManagement.tsx
  Line 8:10:  'ExpandMore' is defined but never used    @typescript-eslint/no-unused-vars
  Line 8:22:  'ChevronRight' is defined but never used  @typescript-eslint/no-unused-vars

src/pages/OtpVerify.tsx
  Line 12:27:  'user' is assigned a value but never used  @typescript-eslint/no-unused-vars

src/pages/Parsing.tsx
  Line 11:38:  'Stack' is defined but never used  @typescript-eslint/no-unused-vars

src/pages/Settings.tsx
  Line 4:46:  'Divider' is defined but never used  @typescript-eslint/no-unused-vars

Search for the keywords to learn more about each warning.
To ignore, add // eslint-disable-next-line to the line before.

WARNING in [eslint] 
src/layouts/MainLayout.tsx
  Line 4:25:   'AccountCircle' is defined but never used          @typescript-eslint/no-unused-vars
  Line 10:17:  'logout' is assigned a value but never used        @typescript-eslint/no-unused-vars
  Line 11:9:   'sidebarWidth' is assigned a value but never used  @typescript-eslint/no-unused-vars

src/pages/Dashboard.tsx
  Line 1:27:  'useEffect' is defined but never used  @typescript-eslint/no-unused-vars

src/pages/History.tsx
  Line 3:52:  'IconButton' is defined but never used  @typescript-eslint/no-unused-vars

src/pages/ModelManagement.tsx
  Line 8:10:  'ExpandMore' is defined but never used    @typescript-eslint/no-unused-vars
  Line 8:22:  'ChevronRight' is defined but never used  @typescript-eslint/no-unused-vars

src/pages/OtpVerify.tsx
  Line 12:27:  'user' is assigned a value but never used  @typescript-eslint/no-unused-vars

src/pages/Parsing.tsx
  Line 11:38:  'Stack' is defined but never used  @typescript-eslint/no-unused-vars

src/pages/Settings.tsx
  Line 4:46:  'Divider' is defined but never used  @typescript-eslint/no-unused-vars

webpack compiled with 1 warning
No issues found.
Compiling...
Compiled with warnings.

[eslint] 
src/layouts/MainLayout.tsx
  Line 4:25:   'AccountCircle' is defined but never used          @typescript-eslint/no-unused-vars
  Line 10:17:  'logout' is assigned a value but never used        @typescript-eslint/no-unused-vars
  Line 11:9:   'sidebarWidth' is assigned a value but never used  @typescript-eslint/no-unused-vars

src/pages/Dashboard.tsx
  Line 5:27:  'useEffect' is defined but never used  @typescript-eslint/no-unused-vars

src/pages/History.tsx
  Line 3:52:  'IconButton' is defined but never used  @typescript-eslint/no-unused-vars

src/pages/ModelManagement.tsx
  Line 8:10:  'ExpandMore' is defined but never used    @typescript-eslint/no-unused-vars
  Line 8:22:  'ChevronRight' is defined but never used  @typescript-eslint/no-unused-vars

src/pages/OtpVerify.tsx
  Line 12:27:  'user' is assigned a value but never used  @typescript-eslint/no-unused-vars

src/pages/Parsing.tsx
  Line 11:38:  'Stack' is defined but never used  @typescript-eslint/no-unused-vars

src/pages/Settings.tsx
  Line 4:46:  'Divider' is defined but never used  @typescript-eslint/no-unused-vars

Search for the keywords to learn more about each warning.
To ignore, add // eslint-disable-next-line to the line before.

WARNING in [eslint] 
src/layouts/MainLayout.tsx
  Line 4:25:   'AccountCircle' is defined but never used          @typescript-eslint/no-unused-vars
  Line 10:17:  'logout' is assigned a value but never used        @typescript-eslint/no-unused-vars
  Line 11:9:   'sidebarWidth' is assigned a value but never used  @typescript-eslint/no-unused-vars

src/pages/Dashboard.tsx
  Line 5:27:  'useEffect' is defined but never used  @typescript-eslint/no-unused-vars

src/pages/History.tsx
  Line 3:52:  'IconButton' is defined but never used  @typescript-eslint/no-unused-vars

src/pages/ModelManagement.tsx
  Line 8:10:  'ExpandMore' is defined but never used    @typescript-eslint/no-unused-vars
  Line 8:22:  'ChevronRight' is defined but never used  @typescript-eslint/no-unused-vars

src/pages/OtpVerify.tsx
  Line 12:27:  'user' is assigned a value but never used  @typescript-eslint/no-unused-vars

src/pages/Parsing.tsx
  Line 11:38:  'Stack' is defined but never used  @typescript-eslint/no-unused-vars

src/pages/Settings.tsx
  Line 4:46:  'Divider' is defined but never used  @typescript-eslint/no-unused-vars

webpack compiled with 1 warning
No issues found.
Compiling...
Compiled with warnings.

[eslint] 
src/layouts/MainLayout.tsx
  Line 4:25:   'AccountCircle' is defined but never used          @typescript-eslint/no-unused-vars
  Line 10:17:  'logout' is assigned a value but never used        @typescript-eslint/no-unused-vars
  Line 11:9:   'sidebarWidth' is assigned a value but never used  @typescript-eslint/no-unused-vars

src/pages/Dashboard.tsx
  Line 5:27:  'useEffect' is defined but never used  @typescript-eslint/no-unused-vars

src/pages/History.tsx
  Line 3:52:  'IconButton' is defined but never used  @typescript-eslint/no-unused-vars

src/pages/ModelManagement.tsx
  Line 8:10:  'ExpandMore' is defined but never used    @typescript-eslint/no-unused-vars
  Line 8:22:  'ChevronRight' is defined but never used  @typescript-eslint/no-unused-vars

src/pages/OtpVerify.tsx
  Line 12:27:  'user' is assigned a value but never used  @typescript-eslint/no-unused-vars

src/pages/Parsing.tsx
  Line 11:38:  'Stack' is defined but never used  @typescript-eslint/no-unused-vars

src/pages/Settings.tsx
  Line 4:46:  'Divider' is defined but never used  @typescript-eslint/no-unused-vars

Search for the keywords to learn more about each warning.
To ignore, add // eslint-disable-next-line to the line before.

WARNING in [eslint] 
src/layouts/MainLayout.tsx
  Line 4:25:   'AccountCircle' is defined but never used          @typescript-eslint/no-unused-vars
  Line 10:17:  'logout' is assigned a value but never used        @typescript-eslint/no-unused-vars
  Line 11:9:   'sidebarWidth' is assigned a value but never used  @typescript-eslint/no-unused-vars

src/pages/Dashboard.tsx
  Line 5:27:  'useEffect' is defined but never used  @typescript-eslint/no-unused-vars

src/pages/History.tsx
  Line 3:52:  'IconButton' is defined but never used  @typescript-eslint/no-unused-vars

src/pages/ModelManagement.tsx
  Line 8:10:  'ExpandMore' is defined but never used    @typescript-eslint/no-unused-vars
  Line 8:22:  'ChevronRight' is defined but never used  @typescript-eslint/no-unused-vars

src/pages/OtpVerify.tsx
  Line 12:27:  'user' is assigned a value but never used  @typescript-eslint/no-unused-vars

src/pages/Parsing.tsx
  Line 11:38:  'Stack' is defined but never used  @typescript-eslint/no-unused-vars

src/pages/Settings.tsx
  Line 4:46:  'Divider' is defined but never used  @typescript-eslint/no-unused-vars

webpack compiled with 1 warning
No issues found.
Compiling...
Compiled with warnings.

[eslint] 
src/layouts/MainLayout.tsx
  Line 4:25:   'AccountCircle' is defined but never used          @typescript-eslint/no-unused-vars
  Line 10:17:  'logout' is assigned a value but never used        @typescript-eslint/no-unused-vars
  Line 11:9:   'sidebarWidth' is assigned a value but never used  @typescript-eslint/no-unused-vars

src/pages/Dashboard.tsx
  Line 5:27:  'useEffect' is defined but never used  @typescript-eslint/no-unused-vars

src/pages/History.tsx
  Line 3:52:  'IconButton' is defined but never used  @typescript-eslint/no-unused-vars

src/pages/ModelManagement.tsx
  Line 8:10:  'ExpandMore' is defined but never used    @typescript-eslint/no-unused-vars
  Line 8:22:  'ChevronRight' is defined but never used  @typescript-eslint/no-unused-vars

src/pages/OtpVerify.tsx
  Line 12:27:  'user' is assigned a value but never used  @typescript-eslint/no-unused-vars

src/pages/Parsing.tsx
  Line 11:38:  'Stack' is defined but never used  @typescript-eslint/no-unused-vars

src/pages/Settings.tsx
  Line 4:46:  'Divider' is defined but never used  @typescript-eslint/no-unused-vars

Search for the keywords to learn more about each warning.
To ignore, add // eslint-disable-next-line to the line before.

WARNING in [eslint] 
src/layouts/MainLayout.tsx
  Line 4:25:   'AccountCircle' is defined but never used          @typescript-eslint/no-unused-vars
  Line 10:17:  'logout' is assigned a value but never used        @typescript-eslint/no-unused-vars
  Line 11:9:   'sidebarWidth' is assigned a value but never used  @typescript-eslint/no-unused-vars

src/pages/Dashboard.tsx
  Line 5:27:  'useEffect' is defined but never used  @typescript-eslint/no-unused-vars

src/pages/History.tsx
  Line 3:52:  'IconButton' is defined but never used  @typescript-eslint/no-unused-vars

src/pages/ModelManagement.tsx
  Line 8:10:  'ExpandMore' is defined but never used    @typescript-eslint/no-unused-vars
  Line 8:22:  'ChevronRight' is defined but never used  @typescript-eslint/no-unused-vars

src/pages/OtpVerify.tsx
  Line 12:27:  'user' is assigned a value but never used  @typescript-eslint/no-unused-vars

src/pages/Parsing.tsx
  Line 11:38:  'Stack' is defined but never used  @typescript-eslint/no-unused-vars

src/pages/Settings.tsx
  Line 4:46:  'Divider' is defined but never used  @typescript-eslint/no-unused-vars

webpack compiled with 1 warning
No issues found.
Compiling...
Compiled with warnings.

[eslint] 
src/layouts/MainLayout.tsx
  Line 4:25:   'AccountCircle' is defined but never used          @typescript-eslint/no-unused-vars
  Line 10:17:  'logout' is assigned a value but never used        @typescript-eslint/no-unused-vars
  Line 11:9:   'sidebarWidth' is assigned a value but never used  @typescript-eslint/no-unused-vars

src/pages/Dashboard.tsx
  Line 5:27:  'useEffect' is defined but never used  @typescript-eslint/no-unused-vars

src/pages/History.tsx
  Line 3:52:  'IconButton' is defined but never used  @typescript-eslint/no-unused-vars

src/pages/ModelManagement.tsx
  Line 8:10:  'ExpandMore' is defined but never used    @typescript-eslint/no-unused-vars
  Line 8:22:  'ChevronRight' is defined but never used  @typescript-eslint/no-unused-vars

src/pages/OtpVerify.tsx
  Line 12:27:  'user' is assigned a value but never used  @typescript-eslint/no-unused-vars

src/pages/Parsing.tsx
  Line 11:38:  'Stack' is defined but never used  @typescript-eslint/no-unused-vars

src/pages/Settings.tsx
  Line 4:46:  'Divider' is defined but never used  @typescript-eslint/no-unused-vars

Search for the keywords to learn more about each warning.
To ignore, add // eslint-disable-next-line to the line before.

WARNING in [eslint] 
src/layouts/MainLayout.tsx
  Line 4:25:   'AccountCircle' is defined but never used          @typescript-eslint/no-unused-vars
  Line 10:17:  'logout' is assigned a value but never used        @typescript-eslint/no-unused-vars
  Line 11:9:   'sidebarWidth' is assigned a value but never used  @typescript-eslint/no-unused-vars

src/pages/Dashboard.tsx
  Line 5:27:  'useEffect' is defined but never used  @typescript-eslint/no-unused-vars

src/pages/History.tsx
  Line 3:52:  'IconButton' is defined but never used  @typescript-eslint/no-unused-vars

src/pages/ModelManagement.tsx
  Line 8:10:  'ExpandMore' is defined but never used    @typescript-eslint/no-unused-vars
  Line 8:22:  'ChevronRight' is defined but never used  @typescript-eslint/no-unused-vars

src/pages/OtpVerify.tsx
  Line 12:27:  'user' is assigned a value but never used  @typescript-eslint/no-unused-vars

src/pages/Parsing.tsx
  Line 11:38:  'Stack' is defined but never used  @typescript-eslint/no-unused-vars

src/pages/Settings.tsx
  Line 4:46:  'Divider' is defined but never used  @typescript-eslint/no-unused-vars

webpack compiled with 1 warning
No issues found.
Compiling...
Compiled with warnings.

[eslint] 
src/layouts/MainLayout.tsx
  Line 4:25:   'AccountCircle' is defined but never used          @typescript-eslint/no-unused-vars
  Line 10:17:  'logout' is assigned a value but never used        @typescript-eslint/no-unused-vars
  Line 11:9:   'sidebarWidth' is assigned a value but never used  @typescript-eslint/no-unused-vars

src/pages/Dashboard.tsx
  Line 5:27:  'useEffect' is defined but never used  @typescript-eslint/no-unused-vars

src/pages/History.tsx
  Line 3:52:  'IconButton' is defined but never used  @typescript-eslint/no-unused-vars

src/pages/ModelManagement.tsx
  Line 8:10:  'ExpandMore' is defined but never used    @typescript-eslint/no-unused-vars
  Line 8:22:  'ChevronRight' is defined but never used  @typescript-eslint/no-unused-vars

src/pages/OtpVerify.tsx
  Line 12:27:  'user' is assigned a value but never used  @typescript-eslint/no-unused-vars

src/pages/Parsing.tsx
  Line 11:38:  'Stack' is defined but never used  @typescript-eslint/no-unused-vars

src/pages/Settings.tsx
  Line 4:46:  'Divider' is defined but never used  @typescript-eslint/no-unused-vars

Search for the keywords to learn more about each warning.
To ignore, add // eslint-disable-next-line to the line before.

WARNING in [eslint] 
src/layouts/MainLayout.tsx
  Line 4:25:   'AccountCircle' is defined but never used          @typescript-eslint/no-unused-vars
  Line 10:17:  'logout' is assigned a value but never used        @typescript-eslint/no-unused-vars
  Line 11:9:   'sidebarWidth' is assigned a value but never used  @typescript-eslint/no-unused-vars

src/pages/Dashboard.tsx
  Line 5:27:  'useEffect' is defined but never used  @typescript-eslint/no-unused-vars

src/pages/History.tsx
  Line 3:52:  'IconButton' is defined but never used  @typescript-eslint/no-unused-vars

src/pages/ModelManagement.tsx
  Line 8:10:  'ExpandMore' is defined but never used    @typescript-eslint/no-unused-vars
  Line 8:22:  'ChevronRight' is defined but never used  @typescript-eslint/no-unused-vars

src/pages/OtpVerify.tsx
  Line 12:27:  'user' is assigned a value but never used  @typescript-eslint/no-unused-vars

src/pages/Parsing.tsx
  Line 11:38:  'Stack' is defined but never used  @typescript-eslint/no-unused-vars

src/pages/Settings.tsx
  Line 4:46:  'Divider' is defined but never used  @typescript-eslint/no-unused-vars

webpack compiled with 1 warning
No issues found.
Compiling...
Compiled with warnings.

[eslint] 
src/layouts/MainLayout.tsx
  Line 4:25:   'AccountCircle' is defined but never used          @typescript-eslint/no-unused-vars
  Line 10:17:  'logout' is assigned a value but never used        @typescript-eslint/no-unused-vars
  Line 11:9:   'sidebarWidth' is assigned a value but never used  @typescript-eslint/no-unused-vars

src/pages/Dashboard.tsx
  Line 5:27:  'useEffect' is defined but never used  @typescript-eslint/no-unused-vars

src/pages/History.tsx
  Line 3:52:  'IconButton' is defined but never used  @typescript-eslint/no-unused-vars

src/pages/ModelManagement.tsx
  Line 8:10:  'ExpandMore' is defined but never used    @typescript-eslint/no-unused-vars
  Line 8:22:  'ChevronRight' is defined but never used  @typescript-eslint/no-unused-vars

src/pages/OtpVerify.tsx
  Line 12:27:  'user' is assigned a value but never used  @typescript-eslint/no-unused-vars

src/pages/Parsing.tsx
  Line 11:38:  'Stack' is defined but never used  @typescript-eslint/no-unused-vars

src/pages/Settings.tsx
  Line 4:46:  'Divider' is defined but never used  @typescript-eslint/no-unused-vars

Search for the keywords to learn more about each warning.
To ignore, add // eslint-disable-next-line to the line before.

WARNING in [eslint] 
src/layouts/MainLayout.tsx
  Line 4:25:   'AccountCircle' is defined but never used          @typescript-eslint/no-unused-vars
  Line 10:17:  'logout' is assigned a value but never used        @typescript-eslint/no-unused-vars
  Line 11:9:   'sidebarWidth' is assigned a value but never used  @typescript-eslint/no-unused-vars

src/pages/Dashboard.tsx
  Line 5:27:  'useEffect' is defined but never used  @typescript-eslint/no-unused-vars

src/pages/History.tsx
  Line 3:52:  'IconButton' is defined but never used  @typescript-eslint/no-unused-vars

src/pages/ModelManagement.tsx
  Line 8:10:  'ExpandMore' is defined but never used    @typescript-eslint/no-unused-vars
  Line 8:22:  'ChevronRight' is defined but never used  @typescript-eslint/no-unused-vars

src/pages/OtpVerify.tsx
  Line 12:27:  'user' is assigned a value but never used  @typescript-eslint/no-unused-vars

src/pages/Parsing.tsx
  Line 11:38:  'Stack' is defined but never used  @typescript-eslint/no-unused-vars

src/pages/Settings.tsx
  Line 4:46:  'Divider' is defined but never used  @typescript-eslint/no-unused-vars

webpack compiled with 1 warning
No issues found.
Compiling...
Compiled with warnings.

[eslint] 
src/layouts/MainLayout.tsx
  Line 4:25:   'AccountCircle' is defined but never used          @typescript-eslint/no-unused-vars
  Line 10:17:  'logout' is assigned a value but never used        @typescript-eslint/no-unused-vars
  Line 11:9:   'sidebarWidth' is assigned a value but never used  @typescript-eslint/no-unused-vars

src/pages/Dashboard.tsx
  Line 5:27:  'useEffect' is defined but never used  @typescript-eslint/no-unused-vars

src/pages/History.tsx
  Line 3:52:  'IconButton' is defined but never used  @typescript-eslint/no-unused-vars

src/pages/ModelManagement.tsx
  Line 8:10:  'ExpandMore' is defined but never used    @typescript-eslint/no-unused-vars
  Line 8:22:  'ChevronRight' is defined but never used  @typescript-eslint/no-unused-vars

src/pages/OtpVerify.tsx
  Line 16:27:  'user' is assigned a value but never used  @typescript-eslint/no-unused-vars

src/pages/Parsing.tsx
  Line 11:38:  'Stack' is defined but never used  @typescript-eslint/no-unused-vars

src/pages/Settings.tsx
  Line 4:46:  'Divider' is defined but never used  @typescript-eslint/no-unused-vars

Search for the keywords to learn more about each warning.
To ignore, add // eslint-disable-next-line to the line before.

WARNING in [eslint] 
src/layouts/MainLayout.tsx
  Line 4:25:   'AccountCircle' is defined but never used          @typescript-eslint/no-unused-vars
  Line 10:17:  'logout' is assigned a value but never used        @typescript-eslint/no-unused-vars
  Line 11:9:   'sidebarWidth' is assigned a value but never used  @typescript-eslint/no-unused-vars

src/pages/Dashboard.tsx
  Line 5:27:  'useEffect' is defined but never used  @typescript-eslint/no-unused-vars

src/pages/History.tsx
  Line 3:52:  'IconButton' is defined but never used  @typescript-eslint/no-unused-vars

src/pages/ModelManagement.tsx
  Line 8:10:  'ExpandMore' is defined but never used    @typescript-eslint/no-unused-vars
  Line 8:22:  'ChevronRight' is defined but never used  @typescript-eslint/no-unused-vars

src/pages/OtpVerify.tsx
  Line 16:27:  'user' is assigned a value but never used  @typescript-eslint/no-unused-vars

src/pages/Parsing.tsx
  Line 11:38:  'Stack' is defined but never used  @typescript-eslint/no-unused-vars

src/pages/Settings.tsx
  Line 4:46:  'Divider' is defined but never used  @typescript-eslint/no-unused-vars

webpack compiled with 1 warning
No issues found.
Compiling...
Compiled with warnings.

[eslint] 
src/layouts/MainLayout.tsx
  Line 4:25:   'AccountCircle' is defined but never used          @typescript-eslint/no-unused-vars
  Line 10:17:  'logout' is assigned a value but never used        @typescript-eslint/no-unused-vars
  Line 11:9:   'sidebarWidth' is assigned a value but never used  @typescript-eslint/no-unused-vars

src/pages/Dashboard.tsx
  Line 5:27:  'useEffect' is defined but never used  @typescript-eslint/no-unused-vars

src/pages/History.tsx
  Line 3:52:  'IconButton' is defined but never used  @typescript-eslint/no-unused-vars

src/pages/ModelManagement.tsx
  Line 12:10:  'ExpandMore' is defined but never used    @typescript-eslint/no-unused-vars
  Line 12:22:  'ChevronRight' is defined but never used  @typescript-eslint/no-unused-vars

src/pages/OtpVerify.tsx
  Line 16:27:  'user' is assigned a value but never used  @typescript-eslint/no-unused-vars

src/pages/Parsing.tsx
  Line 11:38:  'Stack' is defined but never used  @typescript-eslint/no-unused-vars

src/pages/Settings.tsx
  Line 4:46:  'Divider' is defined but never used  @typescript-eslint/no-unused-vars

Search for the keywords to learn more about each warning.
To ignore, add // eslint-disable-next-line to the line before.

WARNING in [eslint] 
src/layouts/MainLayout.tsx
  Line 4:25:   'AccountCircle' is defined but never used          @typescript-eslint/no-unused-vars
  Line 10:17:  'logout' is assigned a value but never used        @typescript-eslint/no-unused-vars
  Line 11:9:   'sidebarWidth' is assigned a value but never used  @typescript-eslint/no-unused-vars

src/pages/Dashboard.tsx
  Line 5:27:  'useEffect' is defined but never used  @typescript-eslint/no-unused-vars

src/pages/History.tsx
  Line 3:52:  'IconButton' is defined but never used  @typescript-eslint/no-unused-vars

src/pages/ModelManagement.tsx
  Line 12:10:  'ExpandMore' is defined but never used    @typescript-eslint/no-unused-vars
  Line 12:22:  'ChevronRight' is defined but never used  @typescript-eslint/no-unused-vars

src/pages/OtpVerify.tsx
  Line 16:27:  'user' is assigned a value but never used  @typescript-eslint/no-unused-vars

src/pages/Parsing.tsx
  Line 11:38:  'Stack' is defined but never used  @typescript-eslint/no-unused-vars

src/pages/Settings.tsx
  Line 4:46:  'Divider' is defined but never used  @typescript-eslint/no-unused-vars

webpack compiled with 1 warning
No issues found.
Compiling...
Compiled with warnings.

[eslint] 
src/layouts/MainLayout.tsx
  Line 4:25:   'AccountCircle' is defined but never used          @typescript-eslint/no-unused-vars
  Line 10:17:  'logout' is assigned a value but never used        @typescript-eslint/no-unused-vars
  Line 11:9:   'sidebarWidth' is assigned a value but never used  @typescript-eslint/no-unused-vars

src/pages/Dashboard.tsx
  Line 5:27:  'useEffect' is defined but never used  @typescript-eslint/no-unused-vars

src/pages/History.tsx
  Line 7:52:  'IconButton' is defined but never used  @typescript-eslint/no-unused-vars

src/pages/ModelManagement.tsx
  Line 12:10:  'ExpandMore' is defined but never used    @typescript-eslint/no-unused-vars
  Line 12:22:  'ChevronRight' is defined but never used  @typescript-eslint/no-unused-vars

src/pages/OtpVerify.tsx
  Line 16:27:  'user' is assigned a value but never used  @typescript-eslint/no-unused-vars

src/pages/Parsing.tsx
  Line 11:38:  'Stack' is defined but never used  @typescript-eslint/no-unused-vars

src/pages/Settings.tsx
  Line 4:46:  'Divider' is defined but never used  @typescript-eslint/no-unused-vars

Search for the keywords to learn more about each warning.
To ignore, add // eslint-disable-next-line to the line before.

WARNING in [eslint] 
src/layouts/MainLayout.tsx
  Line 4:25:   'AccountCircle' is defined but never used          @typescript-eslint/no-unused-vars
  Line 10:17:  'logout' is assigned a value but never used        @typescript-eslint/no-unused-vars
  Line 11:9:   'sidebarWidth' is assigned a value but never used  @typescript-eslint/no-unused-vars

src/pages/Dashboard.tsx
  Line 5:27:  'useEffect' is defined but never used  @typescript-eslint/no-unused-vars

src/pages/History.tsx
  Line 7:52:  'IconButton' is defined but never used  @typescript-eslint/no-unused-vars

src/pages/ModelManagement.tsx
  Line 12:10:  'ExpandMore' is defined but never used    @typescript-eslint/no-unused-vars
  Line 12:22:  'ChevronRight' is defined but never used  @typescript-eslint/no-unused-vars

src/pages/OtpVerify.tsx
  Line 16:27:  'user' is assigned a value but never used  @typescript-eslint/no-unused-vars

src/pages/Parsing.tsx
  Line 11:38:  'Stack' is defined but never used  @typescript-eslint/no-unused-vars

src/pages/Settings.tsx
  Line 4:46:  'Divider' is defined but never used  @typescript-eslint/no-unused-vars

webpack compiled with 1 warning
No issues found.
Compiling...
Compiled with warnings.

[eslint] 
src/layouts/MainLayout.tsx
  Line 4:25:   'AccountCircle' is defined but never used          @typescript-eslint/no-unused-vars
  Line 10:17:  'logout' is assigned a value but never used        @typescript-eslint/no-unused-vars
  Line 11:9:   'sidebarWidth' is assigned a value but never used  @typescript-eslint/no-unused-vars

src/pages/Dashboard.tsx
  Line 5:27:  'useEffect' is defined but never used  @typescript-eslint/no-unused-vars

src/pages/History.tsx
  Line 7:52:  'IconButton' is defined but never used  @typescript-eslint/no-unused-vars

src/pages/ModelManagement.tsx
  Line 12:10:  'ExpandMore' is defined but never used    @typescript-eslint/no-unused-vars
  Line 12:22:  'ChevronRight' is defined but never used  @typescript-eslint/no-unused-vars

src/pages/OtpVerify.tsx
  Line 16:27:  'user' is assigned a value but never used  @typescript-eslint/no-unused-vars

src/pages/Parsing.tsx
  Line 11:38:  'Stack' is defined but never used  @typescript-eslint/no-unused-vars

src/pages/Settings.tsx
  Line 8:46:  'Divider' is defined but never used  @typescript-eslint/no-unused-vars

Search for the keywords to learn more about each warning.
To ignore, add // eslint-disable-next-line to the line before.

WARNING in [eslint] 
src/layouts/MainLayout.tsx
  Line 4:25:   'AccountCircle' is defined but never used          @typescript-eslint/no-unused-vars
  Line 10:17:  'logout' is assigned a value but never used        @typescript-eslint/no-unused-vars
  Line 11:9:   'sidebarWidth' is assigned a value but never used  @typescript-eslint/no-unused-vars

src/pages/Dashboard.tsx
  Line 5:27:  'useEffect' is defined but never used  @typescript-eslint/no-unused-vars

src/pages/History.tsx
  Line 7:52:  'IconButton' is defined but never used  @typescript-eslint/no-unused-vars

src/pages/ModelManagement.tsx
  Line 12:10:  'ExpandMore' is defined but never used    @typescript-eslint/no-unused-vars
  Line 12:22:  'ChevronRight' is defined but never used  @typescript-eslint/no-unused-vars

src/pages/OtpVerify.tsx
  Line 16:27:  'user' is assigned a value but never used  @typescript-eslint/no-unused-vars

src/pages/Parsing.tsx
  Line 11:38:  'Stack' is defined but never used  @typescript-eslint/no-unused-vars

src/pages/Settings.tsx
  Line 8:46:  'Divider' is defined but never used  @typescript-eslint/no-unused-vars

webpack compiled with 1 warning
No issues found.
Compiling...
Compiled with warnings.

[eslint] 
src/layouts/MainLayout.tsx
  Line 4:25:   'AccountCircle' is defined but never used          @typescript-eslint/no-unused-vars
  Line 10:17:  'logout' is assigned a value but never used        @typescript-eslint/no-unused-vars
  Line 11:9:   'sidebarWidth' is assigned a value but never used  @typescript-eslint/no-unused-vars

src/pages/Dashboard.tsx
  Line 5:27:  'useEffect' is defined but never used  @typescript-eslint/no-unused-vars

src/pages/History.tsx
  Line 7:52:  'IconButton' is defined but never used  @typescript-eslint/no-unused-vars

src/pages/ModelManagement.tsx
  Line 12:10:  'ExpandMore' is defined but never used    @typescript-eslint/no-unused-vars
  Line 12:22:  'ChevronRight' is defined but never used  @typescript-eslint/no-unused-vars

src/pages/OtpVerify.tsx
  Line 16:27:  'user' is assigned a value but never used  @typescript-eslint/no-unused-vars

src/pages/Parsing.tsx
  Line 11:38:  'Stack' is defined but never used  @typescript-eslint/no-unused-vars

src/pages/Settings.tsx
  Line 8:46:  'Divider' is defined but never used  @typescript-eslint/no-unused-vars

Search for the keywords to learn more about each warning.
To ignore, add // eslint-disable-next-line to the line before.

WARNING in [eslint] 
src/layouts/MainLayout.tsx
  Line 4:25:   'AccountCircle' is defined but never used          @typescript-eslint/no-unused-vars
  Line 10:17:  'logout' is assigned a value but never used        @typescript-eslint/no-unused-vars
  Line 11:9:   'sidebarWidth' is assigned a value but never used  @typescript-eslint/no-unused-vars

src/pages/Dashboard.tsx
  Line 5:27:  'useEffect' is defined but never used  @typescript-eslint/no-unused-vars

src/pages/History.tsx
  Line 7:52:  'IconButton' is defined but never used  @typescript-eslint/no-unused-vars

src/pages/ModelManagement.tsx
  Line 12:10:  'ExpandMore' is defined but never used    @typescript-eslint/no-unused-vars
  Line 12:22:  'ChevronRight' is defined but never used  @typescript-eslint/no-unused-vars

src/pages/OtpVerify.tsx
  Line 16:27:  'user' is assigned a value but never used  @typescript-eslint/no-unused-vars

src/pages/Parsing.tsx
  Line 11:38:  'Stack' is defined but never used  @typescript-eslint/no-unused-vars

src/pages/Settings.tsx
  Line 8:46:  'Divider' is defined but never used  @typescript-eslint/no-unused-vars

webpack compiled with 1 warning
No issues found.
Compiling...
Compiled with warnings.

[eslint] 
src/layouts/MainLayout.tsx
  Line 4:25:   'AccountCircle' is defined but never used          @typescript-eslint/no-unused-vars
  Line 10:17:  'logout' is assigned a value but never used        @typescript-eslint/no-unused-vars
  Line 11:9:   'sidebarWidth' is assigned a value but never used  @typescript-eslint/no-unused-vars

src/pages/Dashboard.tsx
  Line 5:27:  'useEffect' is defined but never used  @typescript-eslint/no-unused-vars

src/pages/History.tsx
  Line 7:52:  'IconButton' is defined but never used  @typescript-eslint/no-unused-vars

src/pages/ModelManagement.tsx
  Line 12:10:  'ExpandMore' is defined but never used    @typescript-eslint/no-unused-vars
  Line 12:22:  'ChevronRight' is defined but never used  @typescript-eslint/no-unused-vars

src/pages/OtpVerify.tsx
  Line 16:27:  'user' is assigned a value but never used  @typescript-eslint/no-unused-vars

src/pages/Parsing.tsx
  Line 11:38:  'Stack' is defined but never used  @typescript-eslint/no-unused-vars

src/pages/Settings.tsx
  Line 8:46:  'Divider' is defined but never used  @typescript-eslint/no-unused-vars

Search for the keywords to learn more about each warning.
To ignore, add // eslint-disable-next-line to the line before.

WARNING in [eslint] 
src/layouts/MainLayout.tsx
  Line 4:25:   'AccountCircle' is defined but never used          @typescript-eslint/no-unused-vars
  Line 10:17:  'logout' is assigned a value but never used        @typescript-eslint/no-unused-vars
  Line 11:9:   'sidebarWidth' is assigned a value but never used  @typescript-eslint/no-unused-vars

src/pages/Dashboard.tsx
  Line 5:27:  'useEffect' is defined but never used  @typescript-eslint/no-unused-vars

src/pages/History.tsx
  Line 7:52:  'IconButton' is defined but never used  @typescript-eslint/no-unused-vars

src/pages/ModelManagement.tsx
  Line 12:10:  'ExpandMore' is defined but never used    @typescript-eslint/no-unused-vars
  Line 12:22:  'ChevronRight' is defined but never used  @typescript-eslint/no-unused-vars

src/pages/OtpVerify.tsx
  Line 16:27:  'user' is assigned a value but never used  @typescript-eslint/no-unused-vars

src/pages/Parsing.tsx
  Line 11:38:  'Stack' is defined but never used  @typescript-eslint/no-unused-vars

src/pages/Settings.tsx
  Line 8:46:  'Divider' is defined but never used  @typescript-eslint/no-unused-vars

webpack compiled with 1 warning
No issues found.
Compiling...
Compiled with warnings.

[eslint] 
src/layouts/MainLayout.tsx
  Line 4:25:   'AccountCircle' is defined but never used          @typescript-eslint/no-unused-vars
  Line 10:17:  'logout' is assigned a value but never used        @typescript-eslint/no-unused-vars
  Line 11:9:   'sidebarWidth' is assigned a value but never used  @typescript-eslint/no-unused-vars

src/pages/Dashboard.tsx
  Line 5:27:  'useEffect' is defined but never used  @typescript-eslint/no-unused-vars

src/pages/History.tsx
  Line 7:52:  'IconButton' is defined but never used  @typescript-eslint/no-unused-vars

src/pages/ModelManagement.tsx
  Line 12:10:  'ExpandMore' is defined but never used    @typescript-eslint/no-unused-vars
  Line 12:22:  'ChevronRight' is defined but never used  @typescript-eslint/no-unused-vars

src/pages/OtpVerify.tsx
  Line 16:27:  'user' is assigned a value but never used  @typescript-eslint/no-unused-vars

src/pages/Parsing.tsx
  Line 11:38:  'Stack' is defined but never used  @typescript-eslint/no-unused-vars

src/pages/Settings.tsx
  Line 8:46:  'Divider' is defined but never used  @typescript-eslint/no-unused-vars

Search for the keywords to learn more about each warning.
To ignore, add // eslint-disable-next-line to the line before.

WARNING in [eslint] 
src/layouts/MainLayout.tsx
  Line 4:25:   'AccountCircle' is defined but never used          @typescript-eslint/no-unused-vars
  Line 10:17:  'logout' is assigned a value but never used        @typescript-eslint/no-unused-vars
  Line 11:9:   'sidebarWidth' is assigned a value but never used  @typescript-eslint/no-unused-vars

src/pages/Dashboard.tsx
  Line 5:27:  'useEffect' is defined but never used  @typescript-eslint/no-unused-vars

src/pages/History.tsx
  Line 7:52:  'IconButton' is defined but never used  @typescript-eslint/no-unused-vars

src/pages/ModelManagement.tsx
  Line 12:10:  'ExpandMore' is defined but never used    @typescript-eslint/no-unused-vars
  Line 12:22:  'ChevronRight' is defined but never used  @typescript-eslint/no-unused-vars

src/pages/OtpVerify.tsx
  Line 16:27:  'user' is assigned a value but never used  @typescript-eslint/no-unused-vars

src/pages/Parsing.tsx
  Line 11:38:  'Stack' is defined but never used  @typescript-eslint/no-unused-vars

src/pages/Settings.tsx
  Line 8:46:  'Divider' is defined but never used  @typescript-eslint/no-unused-vars

webpack compiled with 1 warning
No issues found.
Compiling...
Compiled with warnings.

[eslint] 
src/layouts/MainLayout.tsx
  Line 4:25:   'AccountCircle' is defined but never used          @typescript-eslint/no-unused-vars
  Line 10:17:  'logout' is assigned a value but never used        @typescript-eslint/no-unused-vars
  Line 11:9:   'sidebarWidth' is assigned a value but never used  @typescript-eslint/no-unused-vars

src/pages/Dashboard.tsx
  Line 5:27:  'useEffect' is defined but never used  @typescript-eslint/no-unused-vars

src/pages/History.tsx
  Line 7:52:  'IconButton' is defined but never used  @typescript-eslint/no-unused-vars

src/pages/ModelManagement.tsx
  Line 12:10:  'ExpandMore' is defined but never used    @typescript-eslint/no-unused-vars
  Line 12:22:  'ChevronRight' is defined but never used  @typescript-eslint/no-unused-vars

src/pages/OtpVerify.tsx
  Line 16:27:  'user' is assigned a value but never used  @typescript-eslint/no-unused-vars

src/pages/Settings.tsx
  Line 8:46:  'Divider' is defined but never used  @typescript-eslint/no-unused-vars

Search for the keywords to learn more about each warning.
To ignore, add // eslint-disable-next-line to the line before.

WARNING in [eslint] 
src/layouts/MainLayout.tsx
  Line 4:25:   'AccountCircle' is defined but never used          @typescript-eslint/no-unused-vars
  Line 10:17:  'logout' is assigned a value but never used        @typescript-eslint/no-unused-vars
  Line 11:9:   'sidebarWidth' is assigned a value but never used  @typescript-eslint/no-unused-vars

src/pages/Dashboard.tsx
  Line 5:27:  'useEffect' is defined but never used  @typescript-eslint/no-unused-vars

src/pages/History.tsx
  Line 7:52:  'IconButton' is defined but never used  @typescript-eslint/no-unused-vars

src/pages/ModelManagement.tsx
  Line 12:10:  'ExpandMore' is defined but never used    @typescript-eslint/no-unused-vars
  Line 12:22:  'ChevronRight' is defined but never used  @typescript-eslint/no-unused-vars

src/pages/OtpVerify.tsx
  Line 16:27:  'user' is assigned a value but never used  @typescript-eslint/no-unused-vars

src/pages/Settings.tsx
  Line 8:46:  'Divider' is defined but never used  @typescript-eslint/no-unused-vars

webpack compiled with 1 warning
No issues found.
Compiling...
Compiled with warnings.

[eslint] 
src/layouts/MainLayout.tsx
  Line 4:25:   'AccountCircle' is defined but never used          @typescript-eslint/no-unused-vars
  Line 10:17:  'logout' is assigned a value but never used        @typescript-eslint/no-unused-vars
  Line 11:9:   'sidebarWidth' is assigned a value but never used  @typescript-eslint/no-unused-vars

src/pages/Dashboard.tsx
  Line 5:27:  'useEffect' is defined but never used  @typescript-eslint/no-unused-vars

src/pages/History.tsx
  Line 7:52:  'IconButton' is defined but never used  @typescript-eslint/no-unused-vars

src/pages/ModelManagement.tsx
  Line 12:10:  'ExpandMore' is defined but never used    @typescript-eslint/no-unused-vars
  Line 12:22:  'ChevronRight' is defined but never used  @typescript-eslint/no-unused-vars

src/pages/OtpVerify.tsx
  Line 16:27:  'user' is assigned a value but never used  @typescript-eslint/no-unused-vars

src/pages/Settings.tsx
  Line 8:46:  'Divider' is defined but never used  @typescript-eslint/no-unused-vars

Search for the keywords to learn more about each warning.
To ignore, add // eslint-disable-next-line to the line before.

WARNING in [eslint] 
src/layouts/MainLayout.tsx
  Line 4:25:   'AccountCircle' is defined but never used          @typescript-eslint/no-unused-vars
  Line 10:17:  'logout' is assigned a value but never used        @typescript-eslint/no-unused-vars
  Line 11:9:   'sidebarWidth' is assigned a value but never used  @typescript-eslint/no-unused-vars

src/pages/Dashboard.tsx
  Line 5:27:  'useEffect' is defined but never used  @typescript-eslint/no-unused-vars

src/pages/History.tsx
  Line 7:52:  'IconButton' is defined but never used  @typescript-eslint/no-unused-vars

src/pages/ModelManagement.tsx
  Line 12:10:  'ExpandMore' is defined but never used    @typescript-eslint/no-unused-vars
  Line 12:22:  'ChevronRight' is defined but never used  @typescript-eslint/no-unused-vars

src/pages/OtpVerify.tsx
  Line 16:27:  'user' is assigned a value but never used  @typescript-eslint/no-unused-vars

src/pages/Settings.tsx
  Line 8:46:  'Divider' is defined but never used  @typescript-eslint/no-unused-vars

webpack compiled with 1 warning
No issues found.
Compiling...
Compiled with warnings.

[eslint] 
src/layouts/MainLayout.tsx
  Line 4:25:   'AccountCircle' is defined but never used          @typescript-eslint/no-unused-vars
  Line 10:17:  'logout' is assigned a value but never used        @typescript-eslint/no-unused-vars
  Line 11:9:   'sidebarWidth' is assigned a value but never used  @typescript-eslint/no-unused-vars

src/pages/Dashboard.tsx
  Line 5:27:  'useEffect' is defined but never used  @typescript-eslint/no-unused-vars

src/pages/History.tsx
  Line 7:52:  'IconButton' is defined but never used  @typescript-eslint/no-unused-vars

src/pages/OtpVerify.tsx
  Line 16:27:  'user' is assigned a value but never used  @typescript-eslint/no-unused-vars

src/pages/Settings.tsx
  Line 8:46:  'Divider' is defined but never used  @typescript-eslint/no-unused-vars

Search for the keywords to learn more about each warning.
To ignore, add // eslint-disable-next-line to the line before.

WARNING in [eslint] 
src/layouts/MainLayout.tsx
  Line 4:25:   'AccountCircle' is defined but never used          @typescript-eslint/no-unused-vars
  Line 10:17:  'logout' is assigned a value but never used        @typescript-eslint/no-unused-vars
  Line 11:9:   'sidebarWidth' is assigned a value but never used  @typescript-eslint/no-unused-vars

src/pages/Dashboard.tsx
  Line 5:27:  'useEffect' is defined but never used  @typescript-eslint/no-unused-vars

src/pages/History.tsx
  Line 7:52:  'IconButton' is defined but never used  @typescript-eslint/no-unused-vars

src/pages/OtpVerify.tsx
  Line 16:27:  'user' is assigned a value but never used  @typescript-eslint/no-unused-vars

src/pages/Settings.tsx
  Line 8:46:  'Divider' is defined but never used  @typescript-eslint/no-unused-vars

webpack compiled with 1 warning
No issues found.
Compiling...
Compiled with warnings.

[eslint] 
src/layouts/MainLayout.tsx
  Line 4:25:   'AccountCircle' is defined but never used          @typescript-eslint/no-unused-vars
  Line 10:17:  'logout' is assigned a value but never used        @typescript-eslint/no-unused-vars
  Line 11:9:   'sidebarWidth' is assigned a value but never used  @typescript-eslint/no-unused-vars

src/pages/Dashboard.tsx
  Line 5:27:  'useEffect' is defined but never used  @typescript-eslint/no-unused-vars

src/pages/History.tsx
  Line 7:52:  'IconButton' is defined but never used  @typescript-eslint/no-unused-vars

src/pages/Settings.tsx
  Line 8:46:  'Divider' is defined but never used  @typescript-eslint/no-unused-vars

Search for the keywords to learn more about each warning.
To ignore, add // eslint-disable-next-line to the line before.

WARNING in [eslint] 
src/layouts/MainLayout.tsx
  Line 4:25:   'AccountCircle' is defined but never used          @typescript-eslint/no-unused-vars
  Line 10:17:  'logout' is assigned a value but never used        @typescript-eslint/no-unused-vars
  Line 11:9:   'sidebarWidth' is assigned a value but never used  @typescript-eslint/no-unused-vars

src/pages/Dashboard.tsx
  Line 5:27:  'useEffect' is defined but never used  @typescript-eslint/no-unused-vars

src/pages/History.tsx
  Line 7:52:  'IconButton' is defined but never used  @typescript-eslint/no-unused-vars

src/pages/Settings.tsx
  Line 8:46:  'Divider' is defined but never used  @typescript-eslint/no-unused-vars

webpack compiled with 1 warning
No issues found.
Compiling...
Compiled with warnings.

[eslint] 
src/layouts/MainLayout.tsx
  Line 4:25:   'AccountCircle' is defined but never used          @typescript-eslint/no-unused-vars
  Line 10:17:  'logout' is assigned a value but never used        @typescript-eslint/no-unused-vars
  Line 11:9:   'sidebarWidth' is assigned a value but never used  @typescript-eslint/no-unused-vars

src/pages/Dashboard.tsx
  Line 5:27:  'useEffect' is defined but never used  @typescript-eslint/no-unused-vars

src/pages/History.tsx
  Line 7:52:  'IconButton' is defined but never used  @typescript-eslint/no-unused-vars

Search for the keywords to learn more about each warning.
To ignore, add // eslint-disable-next-line to the line before.

WARNING in [eslint] 
src/layouts/MainLayout.tsx
  Line 4:25:   'AccountCircle' is defined but never used          @typescript-eslint/no-unused-vars
  Line 10:17:  'logout' is assigned a value but never used        @typescript-eslint/no-unused-vars
  Line 11:9:   'sidebarWidth' is assigned a value but never used  @typescript-eslint/no-unused-vars

src/pages/Dashboard.tsx
  Line 5:27:  'useEffect' is defined but never used  @typescript-eslint/no-unused-vars

src/pages/History.tsx
  Line 7:52:  'IconButton' is defined but never used  @typescript-eslint/no-unused-vars

webpack compiled with 1 warning
No issues found.
Compiling...
Compiled with warnings.

[eslint] 
src/layouts/MainLayout.tsx
  Line 4:25:   'AccountCircle' is defined but never used          @typescript-eslint/no-unused-vars
  Line 10:17:  'logout' is assigned a value but never used        @typescript-eslint/no-unused-vars
  Line 11:9:   'sidebarWidth' is assigned a value but never used  @typescript-eslint/no-unused-vars

src/pages/Dashboard.tsx
  Line 5:27:  'useEffect' is defined but never used  @typescript-eslint/no-unused-vars

src/pages/History.tsx
  Line 7:52:  'IconButton' is defined but never used  @typescript-eslint/no-unused-vars

Search for the keywords to learn more about each warning.
To ignore, add // eslint-disable-next-line to the line before.

WARNING in [eslint] 
src/layouts/MainLayout.tsx
  Line 4:25:   'AccountCircle' is defined but never used          @typescript-eslint/no-unused-vars
  Line 10:17:  'logout' is assigned a value but never used        @typescript-eslint/no-unused-vars
  Line 11:9:   'sidebarWidth' is assigned a value but never used  @typescript-eslint/no-unused-vars

src/pages/Dashboard.tsx
  Line 5:27:  'useEffect' is defined but never used  @typescript-eslint/no-unused-vars

src/pages/History.tsx
  Line 7:52:  'IconButton' is defined but never used  @typescript-eslint/no-unused-vars

webpack compiled with 1 warning
No issues found.
Compiling...
Compiled with warnings.

[eslint] 
src/layouts/MainLayout.tsx
  Line 4:25:   'AccountCircle' is defined but never used          @typescript-eslint/no-unused-vars
  Line 10:17:  'logout' is assigned a value but never used        @typescript-eslint/no-unused-vars
  Line 11:9:   'sidebarWidth' is assigned a value but never used  @typescript-eslint/no-unused-vars

src/pages/Dashboard.tsx
  Line 5:27:  'useEffect' is defined but never used  @typescript-eslint/no-unused-vars

src/pages/History.tsx
  Line 7:52:  'IconButton' is defined but never used  @typescript-eslint/no-unused-vars

Search for the keywords to learn more about each warning.
To ignore, add // eslint-disable-next-line to the line before.

WARNING in [eslint] 
src/layouts/MainLayout.tsx
  Line 4:25:   'AccountCircle' is defined but never used          @typescript-eslint/no-unused-vars
  Line 10:17:  'logout' is assigned a value but never used        @typescript-eslint/no-unused-vars
  Line 11:9:   'sidebarWidth' is assigned a value but never used  @typescript-eslint/no-unused-vars

src/pages/Dashboard.tsx
  Line 5:27:  'useEffect' is defined but never used  @typescript-eslint/no-unused-vars

src/pages/History.tsx
  Line 7:52:  'IconButton' is defined but never used  @typescript-eslint/no-unused-vars

webpack compiled with 1 warning
Files successfully emitted, waiting for typecheck results...
Issues checking in progress...
No issues found.
Compiling...
Compiled with warnings.

[eslint] 
src/layouts/MainLayout.tsx
  Line 4:25:   'AccountCircle' is defined but never used          @typescript-eslint/no-unused-vars
  Line 10:17:  'logout' is assigned a value but never used        @typescript-eslint/no-unused-vars
  Line 11:9:   'sidebarWidth' is assigned a value but never used  @typescript-eslint/no-unused-vars

src/pages/Dashboard.tsx
  Line 5:27:  'useEffect' is defined but never used  @typescript-eslint/no-unused-vars

src/pages/History.tsx
  Line 7:52:  'IconButton' is defined but never used  @typescript-eslint/no-unused-vars

Search for the keywords to learn more about each warning.
To ignore, add // eslint-disable-next-line to the line before.

WARNING in [eslint] 
src/layouts/MainLayout.tsx
  Line 4:25:   'AccountCircle' is defined but never used          @typescript-eslint/no-unused-vars
  Line 10:17:  'logout' is assigned a value but never used        @typescript-eslint/no-unused-vars
  Line 11:9:   'sidebarWidth' is assigned a value but never used  @typescript-eslint/no-unused-vars

src/pages/Dashboard.tsx
  Line 5:27:  'useEffect' is defined but never used  @typescript-eslint/no-unused-vars

src/pages/History.tsx
  Line 7:52:  'IconButton' is defined but never used  @typescript-eslint/no-unused-vars

webpack compiled with 1 warning
No issues found.
Compiling...
Compiled with warnings.

[eslint] 
src/layouts/MainLayout.tsx
  Line 4:25:   'AccountCircle' is defined but never used          @typescript-eslint/no-unused-vars
  Line 10:17:  'logout' is assigned a value but never used        @typescript-eslint/no-unused-vars
  Line 11:9:   'sidebarWidth' is assigned a value but never used  @typescript-eslint/no-unused-vars

src/pages/Dashboard.tsx
  Line 5:27:  'useEffect' is defined but never used  @typescript-eslint/no-unused-vars

src/pages/History.tsx
  Line 7:52:  'IconButton' is defined but never used  @typescript-eslint/no-unused-vars

Search for the keywords to learn more about each warning.
To ignore, add // eslint-disable-next-line to the line before.

WARNING in [eslint] 
src/layouts/MainLayout.tsx
  Line 4:25:   'AccountCircle' is defined but never used          @typescript-eslint/no-unused-vars
  Line 10:17:  'logout' is assigned a value but never used        @typescript-eslint/no-unused-vars
  Line 11:9:   'sidebarWidth' is assigned a value but never used  @typescript-eslint/no-unused-vars

src/pages/Dashboard.tsx
  Line 5:27:  'useEffect' is defined but never used  @typescript-eslint/no-unused-vars

src/pages/History.tsx
  Line 7:52:  'IconButton' is defined but never used  @typescript-eslint/no-unused-vars

webpack compiled with 1 warning
No issues found.
Compiling...
Compiled with warnings.

[eslint] 
src/layouts/MainLayout.tsx
  Line 4:25:   'AccountCircle' is defined but never used          @typescript-eslint/no-unused-vars
  Line 10:17:  'logout' is assigned a value but never used        @typescript-eslint/no-unused-vars
  Line 11:9:   'sidebarWidth' is assigned a value but never used  @typescript-eslint/no-unused-vars

src/pages/Dashboard.tsx
  Line 5:27:  'useEffect' is defined but never used  @typescript-eslint/no-unused-vars

src/pages/History.tsx
  Line 7:52:  'IconButton' is defined but never used  @typescript-eslint/no-unused-vars

Search for the keywords to learn more about each warning.
To ignore, add // eslint-disable-next-line to the line before.

WARNING in [eslint] 
src/layouts/MainLayout.tsx
  Line 4:25:   'AccountCircle' is defined but never used          @typescript-eslint/no-unused-vars
  Line 10:17:  'logout' is assigned a value but never used        @typescript-eslint/no-unused-vars
  Line 11:9:   'sidebarWidth' is assigned a value but never used  @typescript-eslint/no-unused-vars

src/pages/Dashboard.tsx
  Line 5:27:  'useEffect' is defined but never used  @typescript-eslint/no-unused-vars

src/pages/History.tsx
  Line 7:52:  'IconButton' is defined but never used  @typescript-eslint/no-unused-vars

webpack compiled with 1 warning
No issues found.
Compiling...
Failed to compile.

Attempted import error: 'mappingAxios' is not exported from './api' (imported as 'mappingAxios').
WARNING in [eslint] 
src/layouts/MainLayout.tsx
  Line 4:25:   'AccountCircle' is defined but never used          @typescript-eslint/no-unused-vars
  Line 10:17:  'logout' is assigned a value but never used        @typescript-eslint/no-unused-vars
  Line 11:9:   'sidebarWidth' is assigned a value but never used  @typescript-eslint/no-unused-vars

src/pages/Dashboard.tsx
  Line 5:27:  'useEffect' is defined but never used  @typescript-eslint/no-unused-vars

src/pages/History.tsx
  Line 7:52:  'IconButton' is defined but never used  @typescript-eslint/no-unused-vars

ERROR in ./src/services/mapping.ts 10:25-42
export 'mappingAxios' (imported as 'mappingAxios') was not found in './api' (possible exports: default)

ERROR in ./src/services/mapping.ts 12:28-44
export 'mappingAxios' (imported as 'mappingAxios') was not found in './api' (possible exports: default)

ERROR in ./src/services/mapping.ts 14:47-63
export 'mappingAxios' (imported as 'mappingAxios') was not found in './api' (possible exports: default)

ERROR in ./src/services/parsing.ts 13:11-23
export 'baseApi' (imported as 'baseApi') was not found in './api' (possible exports: default)

ERROR in ./src/services/parsing.ts 20:26-37
export 'baseApi' (imported as 'baseApi') was not found in './api' (possible exports: default)

ERROR in ./src/services/parsing.ts 24:27-38
export 'baseApi' (imported as 'baseApi') was not found in './api' (possible exports: default)

ERROR in ./src/services/parsing.ts 26:24-38
export 'baseApi' (imported as 'baseApi') was not found in './api' (possible exports: default)

ERROR in ./src/services/parsing.ts 28:31-43
export 'baseApi' (imported as 'baseApi') was not found in './api' (possible exports: default)

webpack compiled with 8 errors and 1 warning
Files successfully emitted, waiting for typecheck results...
Issues checking in progress...
ERROR in src/services/mapping.ts:5:10
TS2614: Module '"./api"' has no exported member 'mappingAxios'. Did you mean to use 'import mappingAxios from "./api"' instead?
    3 |  * @description 자동 매핑 실행, 결과 조회, 항목 수정 등
    4 |  */
  > 5 | import { mappingAxios } from './api';
      |          ^^^^^^^^^^^^
    6 |
    7 | export const mappingAPI = {
    8 |   /** 자동 매핑 실행 */

ERROR in src/services/parsing.ts:5:10
TS2614: Module '"./api"' has no exported member 'baseApi'. Did you mean to use 'import baseApi from "./api"' instead?
    3 |  * @description 견적서 업로드, 목록 조회, 상세 조회, 삭제 등
    4 |  */
  > 5 | import { baseApi } from './api';
      |          ^^^^^^^
    6 |
    7 | export const parsingAPI = {
    8 |   /** 견적서 파일 업로드 및 파싱 */

Compiling...
Failed to compile.

Attempted import error: 'mappingAxios' is not exported from './api' (imported as 'mappingAxios').
WARNING in [eslint] 
src/layouts/MainLayout.tsx
  Line 4:25:   'AccountCircle' is defined but never used          @typescript-eslint/no-unused-vars
  Line 10:17:  'logout' is assigned a value but never used        @typescript-eslint/no-unused-vars
  Line 11:9:   'sidebarWidth' is assigned a value but never used  @typescript-eslint/no-unused-vars

src/pages/Dashboard.tsx
  Line 5:27:  'useEffect' is defined but never used  @typescript-eslint/no-unused-vars

src/pages/History.tsx
  Line 7:52:  'IconButton' is defined but never used  @typescript-eslint/no-unused-vars

ERROR in ./src/services/mapping.ts 10:25-42
export 'mappingAxios' (imported as 'mappingAxios') was not found in './api' (possible exports: default)

ERROR in ./src/services/mapping.ts 12:28-44
export 'mappingAxios' (imported as 'mappingAxios') was not found in './api' (possible exports: default)

ERROR in ./src/services/mapping.ts 14:47-63
export 'mappingAxios' (imported as 'mappingAxios') was not found in './api' (possible exports: default)

ERROR in ./src/services/parsing.ts 13:11-23
export 'baseApi' (imported as 'baseApi') was not found in './api' (possible exports: default)

ERROR in ./src/services/parsing.ts 20:26-37
export 'baseApi' (imported as 'baseApi') was not found in './api' (possible exports: default)

ERROR in ./src/services/parsing.ts 24:27-38
export 'baseApi' (imported as 'baseApi') was not found in './api' (possible exports: default)

ERROR in ./src/services/parsing.ts 26:24-38
export 'baseApi' (imported as 'baseApi') was not found in './api' (possible exports: default)

ERROR in ./src/services/parsing.ts 28:31-43
export 'baseApi' (imported as 'baseApi') was not found in './api' (possible exports: default)

webpack compiled with 8 errors and 1 warning
ERROR in src/services/mapping.ts:5:10
TS2614: Module '"./api"' has no exported member 'mappingAxios'. Did you mean to use 'import mappingAxios from "./api"' instead?
    3 |  * @description 자동 매핑 실행, 결과 조회, 항목 수정 등
    4 |  */
  > 5 | import { mappingAxios } from './api';
      |          ^^^^^^^^^^^^
    6 |
    7 | export const mappingAPI = {
    8 |   /** 자동 매핑 실행 */

ERROR in src/services/parsing.ts:5:10
TS2614: Module '"./api"' has no exported member 'baseApi'. Did you mean to use 'import baseApi from "./api"' instead?
    3 |  * @description 견적서 업로드, 목록 조회, 상세 조회, 삭제 등
    4 |  */
  > 5 | import { baseApi } from './api';
      |          ^^^^^^^
    6 |
    7 | export const parsingAPI = {
    8 |   /** 견적서 파일 업로드 및 파싱 */

Compiling...
Failed to compile.

Attempted import error: 'mappingAxios' is not exported from './api' (imported as 'mappingAxios').
WARNING in [eslint] 
src/layouts/MainLayout.tsx
  Line 4:25:   'AccountCircle' is defined but never used          @typescript-eslint/no-unused-vars
  Line 10:17:  'logout' is assigned a value but never used        @typescript-eslint/no-unused-vars
  Line 11:9:   'sidebarWidth' is assigned a value but never used  @typescript-eslint/no-unused-vars

src/pages/Dashboard.tsx
  Line 5:27:  'useEffect' is defined but never used  @typescript-eslint/no-unused-vars

src/pages/History.tsx
  Line 7:52:  'IconButton' is defined but never used  @typescript-eslint/no-unused-vars

ERROR in ./src/services/mapping.ts 10:25-42
export 'mappingAxios' (imported as 'mappingAxios') was not found in './api' (possible exports: default)

ERROR in ./src/services/mapping.ts 12:28-44
export 'mappingAxios' (imported as 'mappingAxios') was not found in './api' (possible exports: default)

ERROR in ./src/services/mapping.ts 14:47-63
export 'mappingAxios' (imported as 'mappingAxios') was not found in './api' (possible exports: default)

ERROR in ./src/services/parsing.ts 13:11-23
export 'baseApi' (imported as 'baseApi') was not found in './api' (possible exports: default)

ERROR in ./src/services/parsing.ts 20:26-37
export 'baseApi' (imported as 'baseApi') was not found in './api' (possible exports: default)

ERROR in ./src/services/parsing.ts 24:27-38
export 'baseApi' (imported as 'baseApi') was not found in './api' (possible exports: default)

ERROR in ./src/services/parsing.ts 26:24-38
export 'baseApi' (imported as 'baseApi') was not found in './api' (possible exports: default)

ERROR in ./src/services/parsing.ts 28:31-43
export 'baseApi' (imported as 'baseApi') was not found in './api' (possible exports: default)

webpack compiled with 8 errors and 1 warning
ERROR in src/services/mapping.ts:5:10
TS2614: Module '"./api"' has no exported member 'mappingAxios'. Did you mean to use 'import mappingAxios from "./api"' instead?
    3 |  * @description 자동 매핑 실행, 결과 조회, 항목 수정 등
    4 |  */
  > 5 | import { mappingAxios } from './api';
      |          ^^^^^^^^^^^^
    6 |
    7 | export const mappingAPI = {
    8 |   /** 자동 매핑 실행 */

ERROR in src/services/parsing.ts:5:10
TS2614: Module '"./api"' has no exported member 'baseApi'. Did you mean to use 'import baseApi from "./api"' instead?
    3 |  * @description 견적서 업로드, 목록 조회, 상세 조회, 삭제 등
    4 |  */
  > 5 | import { baseApi } from './api';
      |          ^^^^^^^
    6 |
    7 | export const parsingAPI = {
    8 |   /** 견적서 파일 업로드 및 파싱 */

Compiling...
Failed to compile.

Attempted import error: 'mappingAxios' is not exported from './api' (imported as 'mappingAxios').
WARNING in [eslint] 
src/layouts/MainLayout.tsx
  Line 4:25:   'AccountCircle' is defined but never used          @typescript-eslint/no-unused-vars
  Line 10:17:  'logout' is assigned a value but never used        @typescript-eslint/no-unused-vars
  Line 11:9:   'sidebarWidth' is assigned a value but never used  @typescript-eslint/no-unused-vars

src/pages/Dashboard.tsx
  Line 5:27:  'useEffect' is defined but never used  @typescript-eslint/no-unused-vars

src/pages/History.tsx
  Line 7:52:  'IconButton' is defined but never used  @typescript-eslint/no-unused-vars

ERROR in ./src/services/mapping.ts 10:25-42
export 'mappingAxios' (imported as 'mappingAxios') was not found in './api' (possible exports: default)

ERROR in ./src/services/mapping.ts 12:28-44
export 'mappingAxios' (imported as 'mappingAxios') was not found in './api' (possible exports: default)

ERROR in ./src/services/mapping.ts 14:47-63
export 'mappingAxios' (imported as 'mappingAxios') was not found in './api' (possible exports: default)

ERROR in ./src/services/parsing.ts 13:11-23
export 'baseApi' (imported as 'baseApi') was not found in './api' (possible exports: default)

ERROR in ./src/services/parsing.ts 20:26-37
export 'baseApi' (imported as 'baseApi') was not found in './api' (possible exports: default)

ERROR in ./src/services/parsing.ts 24:27-38
export 'baseApi' (imported as 'baseApi') was not found in './api' (possible exports: default)

ERROR in ./src/services/parsing.ts 26:24-38
export 'baseApi' (imported as 'baseApi') was not found in './api' (possible exports: default)

ERROR in ./src/services/parsing.ts 28:31-43
export 'baseApi' (imported as 'baseApi') was not found in './api' (possible exports: default)

webpack compiled with 8 errors and 1 warning
ERROR in src/services/mapping.ts:5:10
TS2614: Module '"./api"' has no exported member 'mappingAxios'. Did you mean to use 'import mappingAxios from "./api"' instead?
    3 |  * @description 자동 매핑 실행, 결과 조회, 항목 수정 등
    4 |  */
  > 5 | import { mappingAxios } from './api';
      |          ^^^^^^^^^^^^
    6 |
    7 | export const mappingAPI = {
    8 |   /** 자동 매핑 실행 */

ERROR in src/services/parsing.ts:5:10
TS2614: Module '"./api"' has no exported member 'baseApi'. Did you mean to use 'import baseApi from "./api"' instead?
    3 |  * @description 견적서 업로드, 목록 조회, 상세 조회, 삭제 등
    4 |  */
  > 5 | import { baseApi } from './api';
      |          ^^^^^^^
    6 |
    7 | export const parsingAPI = {
    8 |   /** 견적서 파일 업로드 및 파싱 */

Compiling...
Failed to compile.

Attempted import error: 'mappingAxios' is not exported from './api' (imported as 'mappingAxios').
WARNING in [eslint] 
src/layouts/MainLayout.tsx
  Line 4:25:   'AccountCircle' is defined but never used          @typescript-eslint/no-unused-vars
  Line 10:17:  'logout' is assigned a value but never used        @typescript-eslint/no-unused-vars
  Line 11:9:   'sidebarWidth' is assigned a value but never used  @typescript-eslint/no-unused-vars

src/pages/Dashboard.tsx
  Line 5:27:  'useEffect' is defined but never used  @typescript-eslint/no-unused-vars

src/pages/History.tsx
  Line 7:52:  'IconButton' is defined but never used  @typescript-eslint/no-unused-vars

ERROR in ./src/services/mapping.ts 10:25-42
export 'mappingAxios' (imported as 'mappingAxios') was not found in './api' (possible exports: default)

ERROR in ./src/services/mapping.ts 12:28-44
export 'mappingAxios' (imported as 'mappingAxios') was not found in './api' (possible exports: default)

ERROR in ./src/services/mapping.ts 14:47-63
export 'mappingAxios' (imported as 'mappingAxios') was not found in './api' (possible exports: default)

ERROR in ./src/services/parsing.ts 13:11-23
export 'baseApi' (imported as 'baseApi') was not found in './api' (possible exports: default)

ERROR in ./src/services/parsing.ts 20:26-37
export 'baseApi' (imported as 'baseApi') was not found in './api' (possible exports: default)

ERROR in ./src/services/parsing.ts 24:27-38
export 'baseApi' (imported as 'baseApi') was not found in './api' (possible exports: default)

ERROR in ./src/services/parsing.ts 26:24-38
export 'baseApi' (imported as 'baseApi') was not found in './api' (possible exports: default)

ERROR in ./src/services/parsing.ts 28:31-43
export 'baseApi' (imported as 'baseApi') was not found in './api' (possible exports: default)

webpack compiled with 8 errors and 1 warning
ERROR in src/services/mapping.ts:5:10
TS2614: Module '"./api"' has no exported member 'mappingAxios'. Did you mean to use 'import mappingAxios from "./api"' instead?
    3 |  * @description 자동 매핑 실행, 결과 조회, 항목 수정 등
    4 |  */
  > 5 | import { mappingAxios } from './api';
      |          ^^^^^^^^^^^^
    6 |
    7 | export const mappingAPI = {
    8 |   /** 자동 매핑 실행 */

ERROR in src/services/parsing.ts:5:10
TS2614: Module '"./api"' has no exported member 'baseApi'. Did you mean to use 'import baseApi from "./api"' instead?
    3 |  * @description 견적서 업로드, 목록 조회, 상세 조회, 삭제 등
    4 |  */
  > 5 | import { baseApi } from './api';
      |          ^^^^^^^
    6 |
    7 | export const parsingAPI = {
    8 |   /** 견적서 파일 업로드 및 파싱 */

Compiling...
Failed to compile.

Module not found: Error: Can't resolve './pages/QuotationUpload' in '/Users/navynam/WORK/cost-analysis-system/frontend/src'
WARNING in [eslint] 
src/layouts/MainLayout.tsx
  Line 4:25:   'AccountCircle' is defined but never used          @typescript-eslint/no-unused-vars
  Line 10:17:  'logout' is assigned a value but never used        @typescript-eslint/no-unused-vars
  Line 11:9:   'sidebarWidth' is assigned a value but never used  @typescript-eslint/no-unused-vars

src/pages/Dashboard.tsx
  Line 5:27:  'useEffect' is defined but never used  @typescript-eslint/no-unused-vars

src/pages/History.tsx
  Line 7:52:  'IconButton' is defined but never used  @typescript-eslint/no-unused-vars

ERROR in ./src/App.tsx 11:0-54
Module not found: Error: Can't resolve './pages/QuotationUpload' in '/Users/navynam/WORK/cost-analysis-system/frontend/src'

ERROR in ./src/App.tsx 12:0-54
Module not found: Error: Can't resolve './pages/QuotationReview' in '/Users/navynam/WORK/cost-analysis-system/frontend/src'

ERROR in ./src/App.tsx 13:0-58
Module not found: Error: Can't resolve './pages/QuotationAnalysis' in '/Users/navynam/WORK/cost-analysis-system/frontend/src'

ERROR in ./src/App.tsx 14:0-62
Module not found: Error: Can't resolve './pages/QuotationComparison' in '/Users/navynam/WORK/cost-analysis-system/frontend/src'

webpack compiled with 4 errors and 1 warning
ERROR in src/App.tsx:10:29
TS2307: Cannot find module './pages/QuotationUpload' or its corresponding type declarations.
     8 | import CompareArrowsIcon from '@mui/icons-material/CompareArrows';
     9 | import RuleIcon from '@mui/icons-material/Rule';
  > 10 | import QuotationUpload from './pages/QuotationUpload';
       |                             ^^^^^^^^^^^^^^^^^^^^^^^^^
    11 | import QuotationReview from './pages/QuotationReview';
    12 | import QuotationAnalysis from './pages/QuotationAnalysis';
    13 | import QuotationComparison from './pages/QuotationComparison';

ERROR in src/App.tsx:11:29
TS2307: Cannot find module './pages/QuotationReview' or its corresponding type declarations.
     9 | import RuleIcon from '@mui/icons-material/Rule';
    10 | import QuotationUpload from './pages/QuotationUpload';
  > 11 | import QuotationReview from './pages/QuotationReview';
       |                             ^^^^^^^^^^^^^^^^^^^^^^^^^
    12 | import QuotationAnalysis from './pages/QuotationAnalysis';
    13 | import QuotationComparison from './pages/QuotationComparison';
    14 |

ERROR in src/App.tsx:12:31
TS2307: Cannot find module './pages/QuotationAnalysis' or its corresponding type declarations.
    10 | import QuotationUpload from './pages/QuotationUpload';
    11 | import QuotationReview from './pages/QuotationReview';
  > 12 | import QuotationAnalysis from './pages/QuotationAnalysis';
       |                               ^^^^^^^^^^^^^^^^^^^^^^^^^^^
    13 | import QuotationComparison from './pages/QuotationComparison';
    14 |
    15 | const drawerWidth = 240;

ERROR in src/App.tsx:13:33
TS2307: Cannot find module './pages/QuotationComparison' or its corresponding type declarations.
    11 | import QuotationReview from './pages/QuotationReview';
    12 | import QuotationAnalysis from './pages/QuotationAnalysis';
  > 13 | import QuotationComparison from './pages/QuotationComparison';
       |                                 ^^^^^^^^^^^^^^^^^^^^^^^^^^^^^
    14 |
    15 | const drawerWidth = 240;
    16 |

ERROR in src/services/mapping.ts:5:10
TS2614: Module '"./api"' has no exported member 'mappingAxios'. Did you mean to use 'import mappingAxios from "./api"' instead?
    3 |  * @description 자동 매핑 실행, 결과 조회, 항목 수정 등
    4 |  */
  > 5 | import { mappingAxios } from './api';
      |          ^^^^^^^^^^^^
    6 |
    7 | export const mappingAPI = {
    8 |   /** 자동 매핑 실행 */

ERROR in src/services/parsing.ts:5:10
TS2614: Module '"./api"' has no exported member 'baseApi'. Did you mean to use 'import baseApi from "./api"' instead?
    3 |  * @description 견적서 업로드, 목록 조회, 상세 조회, 삭제 등
    4 |  */
  > 5 | import { baseApi } from './api';
      |          ^^^^^^^
    6 |
    7 | export const parsingAPI = {
    8 |   /** 견적서 파일 업로드 및 파싱 */

Compiling...
Failed to compile.

Module not found: Error: Can't resolve './pages/QuotationReview' in '/Users/navynam/WORK/cost-analysis-system/frontend/src'
WARNING in [eslint] 
src/layouts/MainLayout.tsx
  Line 4:25:   'AccountCircle' is defined but never used          @typescript-eslint/no-unused-vars
  Line 10:17:  'logout' is assigned a value but never used        @typescript-eslint/no-unused-vars
  Line 11:9:   'sidebarWidth' is assigned a value but never used  @typescript-eslint/no-unused-vars

src/pages/Dashboard.tsx
  Line 5:27:  'useEffect' is defined but never used  @typescript-eslint/no-unused-vars

src/pages/History.tsx
  Line 7:52:  'IconButton' is defined but never used  @typescript-eslint/no-unused-vars

ERROR in ./src/App.tsx 12:0-54
Module not found: Error: Can't resolve './pages/QuotationReview' in '/Users/navynam/WORK/cost-analysis-system/frontend/src'

ERROR in ./src/App.tsx 13:0-58
Module not found: Error: Can't resolve './pages/QuotationAnalysis' in '/Users/navynam/WORK/cost-analysis-system/frontend/src'

ERROR in ./src/App.tsx 14:0-62
Module not found: Error: Can't resolve './pages/QuotationComparison' in '/Users/navynam/WORK/cost-analysis-system/frontend/src'

webpack compiled with 3 errors and 1 warning
Files successfully emitted, waiting for typecheck results...
Issues checking in progress...
ERROR in src/App.tsx:11:29
TS2307: Cannot find module './pages/QuotationReview' or its corresponding type declarations.
     9 | import RuleIcon from '@mui/icons-material/Rule';
    10 | import QuotationUpload from './pages/QuotationUpload';
  > 11 | import QuotationReview from './pages/QuotationReview';
       |                             ^^^^^^^^^^^^^^^^^^^^^^^^^
    12 | import QuotationAnalysis from './pages/QuotationAnalysis';
    13 | import QuotationComparison from './pages/QuotationComparison';
    14 |

ERROR in src/App.tsx:12:31
TS2307: Cannot find module './pages/QuotationAnalysis' or its corresponding type declarations.
    10 | import QuotationUpload from './pages/QuotationUpload';
    11 | import QuotationReview from './pages/QuotationReview';
  > 12 | import QuotationAnalysis from './pages/QuotationAnalysis';
       |                               ^^^^^^^^^^^^^^^^^^^^^^^^^^^
    13 | import QuotationComparison from './pages/QuotationComparison';
    14 |
    15 | const drawerWidth = 240;

ERROR in src/App.tsx:13:33
TS2307: Cannot find module './pages/QuotationComparison' or its corresponding type declarations.
    11 | import QuotationReview from './pages/QuotationReview';
    12 | import QuotationAnalysis from './pages/QuotationAnalysis';
  > 13 | import QuotationComparison from './pages/QuotationComparison';
       |                                 ^^^^^^^^^^^^^^^^^^^^^^^^^^^^^
    14 |
    15 | const drawerWidth = 240;
    16 |

ERROR in src/services/mapping.ts:5:10
TS2614: Module '"./api"' has no exported member 'mappingAxios'. Did you mean to use 'import mappingAxios from "./api"' instead?
    3 |  * @description 자동 매핑 실행, 결과 조회, 항목 수정 등
    4 |  */
  > 5 | import { mappingAxios } from './api';
      |          ^^^^^^^^^^^^
    6 |
    7 | export const mappingAPI = {
    8 |   /** 자동 매핑 실행 */

ERROR in src/services/parsing.ts:5:10
TS2614: Module '"./api"' has no exported member 'baseApi'. Did you mean to use 'import baseApi from "./api"' instead?
    3 |  * @description 견적서 업로드, 목록 조회, 상세 조회, 삭제 등
    4 |  */
  > 5 | import { baseApi } from './api';
      |          ^^^^^^^
    6 |
    7 | export const parsingAPI = {
    8 |   /** 견적서 파일 업로드 및 파싱 */

Compiling...
Failed to compile.

Module not found: Error: Can't resolve './pages/QuotationReview' in '/Users/navynam/WORK/cost-analysis-system/frontend/src'
WARNING in [eslint] 
src/layouts/MainLayout.tsx
  Line 4:25:   'AccountCircle' is defined but never used          @typescript-eslint/no-unused-vars
  Line 10:17:  'logout' is assigned a value but never used        @typescript-eslint/no-unused-vars
  Line 11:9:   'sidebarWidth' is assigned a value but never used  @typescript-eslint/no-unused-vars

src/pages/Dashboard.tsx
  Line 5:27:  'useEffect' is defined but never used  @typescript-eslint/no-unused-vars

src/pages/History.tsx
  Line 7:52:  'IconButton' is defined but never used  @typescript-eslint/no-unused-vars

ERROR in ./src/App.tsx 12:0-54
Module not found: Error: Can't resolve './pages/QuotationReview' in '/Users/navynam/WORK/cost-analysis-system/frontend/src'

ERROR in ./src/App.tsx 13:0-58
Module not found: Error: Can't resolve './pages/QuotationAnalysis' in '/Users/navynam/WORK/cost-analysis-system/frontend/src'

ERROR in ./src/App.tsx 14:0-62
Module not found: Error: Can't resolve './pages/QuotationComparison' in '/Users/navynam/WORK/cost-analysis-system/frontend/src'

webpack compiled with 3 errors and 1 warning
ERROR in src/App.tsx:11:29
TS2307: Cannot find module './pages/QuotationReview' or its corresponding type declarations.
     9 | import RuleIcon from '@mui/icons-material/Rule';
    10 | import QuotationUpload from './pages/QuotationUpload';
  > 11 | import QuotationReview from './pages/QuotationReview';
       |                             ^^^^^^^^^^^^^^^^^^^^^^^^^
    12 | import QuotationAnalysis from './pages/QuotationAnalysis';
    13 | import QuotationComparison from './pages/QuotationComparison';
    14 |

ERROR in src/App.tsx:12:31
TS2307: Cannot find module './pages/QuotationAnalysis' or its corresponding type declarations.
    10 | import QuotationUpload from './pages/QuotationUpload';
    11 | import QuotationReview from './pages/QuotationReview';
  > 12 | import QuotationAnalysis from './pages/QuotationAnalysis';
       |                               ^^^^^^^^^^^^^^^^^^^^^^^^^^^
    13 | import QuotationComparison from './pages/QuotationComparison';
    14 |
    15 | const drawerWidth = 240;

ERROR in src/App.tsx:13:33
TS2307: Cannot find module './pages/QuotationComparison' or its corresponding type declarations.
    11 | import QuotationReview from './pages/QuotationReview';
    12 | import QuotationAnalysis from './pages/QuotationAnalysis';
  > 13 | import QuotationComparison from './pages/QuotationComparison';
       |                                 ^^^^^^^^^^^^^^^^^^^^^^^^^^^^^
    14 |
    15 | const drawerWidth = 240;
    16 |

ERROR in src/services/mapping.ts:5:10
TS2614: Module '"./api"' has no exported member 'mappingAxios'. Did you mean to use 'import mappingAxios from "./api"' instead?
    3 |  * @description 자동 매핑 실행, 결과 조회, 항목 수정 등
    4 |  */
  > 5 | import { mappingAxios } from './api';
      |          ^^^^^^^^^^^^
    6 |
    7 | export const mappingAPI = {
    8 |   /** 자동 매핑 실행 */

ERROR in src/services/parsing.ts:5:10
TS2614: Module '"./api"' has no exported member 'baseApi'. Did you mean to use 'import baseApi from "./api"' instead?
    3 |  * @description 견적서 업로드, 목록 조회, 상세 조회, 삭제 등
    4 |  */
  > 5 | import { baseApi } from './api';
      |          ^^^^^^^
    6 |
    7 | export const parsingAPI = {
    8 |   /** 견적서 파일 업로드 및 파싱 */

Compiling...
Failed to compile.

Module not found: Error: Can't resolve './pages/QuotationAnalysis' in '/Users/navynam/WORK/cost-analysis-system/frontend/src'
WARNING in [eslint] 
src/layouts/MainLayout.tsx
  Line 4:25:   'AccountCircle' is defined but never used          @typescript-eslint/no-unused-vars
  Line 10:17:  'logout' is assigned a value but never used        @typescript-eslint/no-unused-vars
  Line 11:9:   'sidebarWidth' is assigned a value but never used  @typescript-eslint/no-unused-vars

src/pages/Dashboard.tsx
  Line 5:27:  'useEffect' is defined but never used  @typescript-eslint/no-unused-vars

src/pages/History.tsx
  Line 7:52:  'IconButton' is defined but never used  @typescript-eslint/no-unused-vars

ERROR in ./src/App.tsx 13:0-58
Module not found: Error: Can't resolve './pages/QuotationAnalysis' in '/Users/navynam/WORK/cost-analysis-system/frontend/src'

ERROR in ./src/App.tsx 14:0-62
Module not found: Error: Can't resolve './pages/QuotationComparison' in '/Users/navynam/WORK/cost-analysis-system/frontend/src'

webpack compiled with 2 errors and 1 warning
Files successfully emitted, waiting for typecheck results...
Issues checking in progress...
ERROR in src/App.tsx:12:31
TS2307: Cannot find module './pages/QuotationAnalysis' or its corresponding type declarations.
    10 | import QuotationUpload from './pages/QuotationUpload';
    11 | import QuotationReview from './pages/QuotationReview';
  > 12 | import QuotationAnalysis from './pages/QuotationAnalysis';
       |                               ^^^^^^^^^^^^^^^^^^^^^^^^^^^
    13 | import QuotationComparison from './pages/QuotationComparison';
    14 |
    15 | const drawerWidth = 240;

ERROR in src/App.tsx:13:33
TS2307: Cannot find module './pages/QuotationComparison' or its corresponding type declarations.
    11 | import QuotationReview from './pages/QuotationReview';
    12 | import QuotationAnalysis from './pages/QuotationAnalysis';
  > 13 | import QuotationComparison from './pages/QuotationComparison';
       |                                 ^^^^^^^^^^^^^^^^^^^^^^^^^^^^^
    14 |
    15 | const drawerWidth = 240;
    16 |

ERROR in src/services/mapping.ts:5:10
TS2614: Module '"./api"' has no exported member 'mappingAxios'. Did you mean to use 'import mappingAxios from "./api"' instead?
    3 |  * @description 자동 매핑 실행, 결과 조회, 항목 수정 등
    4 |  */
  > 5 | import { mappingAxios } from './api';
      |          ^^^^^^^^^^^^
    6 |
    7 | export const mappingAPI = {
    8 |   /** 자동 매핑 실행 */

ERROR in src/services/parsing.ts:5:10
TS2614: Module '"./api"' has no exported member 'baseApi'. Did you mean to use 'import baseApi from "./api"' instead?
    3 |  * @description 견적서 업로드, 목록 조회, 상세 조회, 삭제 등
    4 |  */
  > 5 | import { baseApi } from './api';
      |          ^^^^^^^
    6 |
    7 | export const parsingAPI = {
    8 |   /** 견적서 파일 업로드 및 파싱 */

Compiling...
Failed to compile.

Module not found: Error: Can't resolve './pages/QuotationAnalysis' in '/Users/navynam/WORK/cost-analysis-system/frontend/src'
WARNING in [eslint] 
src/layouts/MainLayout.tsx
  Line 4:25:   'AccountCircle' is defined but never used          @typescript-eslint/no-unused-vars
  Line 10:17:  'logout' is assigned a value but never used        @typescript-eslint/no-unused-vars
  Line 11:9:   'sidebarWidth' is assigned a value but never used  @typescript-eslint/no-unused-vars

src/pages/Dashboard.tsx
  Line 5:27:  'useEffect' is defined but never used  @typescript-eslint/no-unused-vars

src/pages/History.tsx
  Line 7:52:  'IconButton' is defined but never used  @typescript-eslint/no-unused-vars

ERROR in ./src/App.tsx 13:0-58
Module not found: Error: Can't resolve './pages/QuotationAnalysis' in '/Users/navynam/WORK/cost-analysis-system/frontend/src'

ERROR in ./src/App.tsx 14:0-62
Module not found: Error: Can't resolve './pages/QuotationComparison' in '/Users/navynam/WORK/cost-analysis-system/frontend/src'

webpack compiled with 2 errors and 1 warning
ERROR in src/App.tsx:12:31
TS2307: Cannot find module './pages/QuotationAnalysis' or its corresponding type declarations.
    10 | import QuotationUpload from './pages/QuotationUpload';
    11 | import QuotationReview from './pages/QuotationReview';
  > 12 | import QuotationAnalysis from './pages/QuotationAnalysis';
       |                               ^^^^^^^^^^^^^^^^^^^^^^^^^^^
    13 | import QuotationComparison from './pages/QuotationComparison';
    14 |
    15 | const drawerWidth = 240;

ERROR in src/App.tsx:13:33
TS2307: Cannot find module './pages/QuotationComparison' or its corresponding type declarations.
    11 | import QuotationReview from './pages/QuotationReview';
    12 | import QuotationAnalysis from './pages/QuotationAnalysis';
  > 13 | import QuotationComparison from './pages/QuotationComparison';
       |                                 ^^^^^^^^^^^^^^^^^^^^^^^^^^^^^
    14 |
    15 | const drawerWidth = 240;
    16 |

ERROR in src/services/mapping.ts:5:10
TS2614: Module '"./api"' has no exported member 'mappingAxios'. Did you mean to use 'import mappingAxios from "./api"' instead?
    3 |  * @description 자동 매핑 실행, 결과 조회, 항목 수정 등
    4 |  */
  > 5 | import { mappingAxios } from './api';
      |          ^^^^^^^^^^^^
    6 |
    7 | export const mappingAPI = {
    8 |   /** 자동 매핑 실행 */

ERROR in src/services/parsing.ts:5:10
TS2614: Module '"./api"' has no exported member 'baseApi'. Did you mean to use 'import baseApi from "./api"' instead?
    3 |  * @description 견적서 업로드, 목록 조회, 상세 조회, 삭제 등
    4 |  */
  > 5 | import { baseApi } from './api';
      |          ^^^^^^^
    6 |
    7 | export const parsingAPI = {
    8 |   /** 견적서 파일 업로드 및 파싱 */

Compiling...
Failed to compile.

Module not found: Error: Can't resolve './pages/QuotationComparison' in '/Users/navynam/WORK/cost-analysis-system/frontend/src'
WARNING in [eslint] 
src/layouts/MainLayout.tsx
  Line 4:25:   'AccountCircle' is defined but never used          @typescript-eslint/no-unused-vars
  Line 10:17:  'logout' is assigned a value but never used        @typescript-eslint/no-unused-vars
  Line 11:9:   'sidebarWidth' is assigned a value but never used  @typescript-eslint/no-unused-vars

src/pages/Dashboard.tsx
  Line 5:27:  'useEffect' is defined but never used  @typescript-eslint/no-unused-vars

src/pages/History.tsx
  Line 7:52:  'IconButton' is defined but never used  @typescript-eslint/no-unused-vars

ERROR in ./src/App.tsx 14:0-62
Module not found: Error: Can't resolve './pages/QuotationComparison' in '/Users/navynam/WORK/cost-analysis-system/frontend/src'

webpack compiled with 1 error and 1 warning
Files successfully emitted, waiting for typecheck results...
Issues checking in progress...
ERROR in src/App.tsx:13:33
TS2307: Cannot find module './pages/QuotationComparison' or its corresponding type declarations.
    11 | import QuotationReview from './pages/QuotationReview';
    12 | import QuotationAnalysis from './pages/QuotationAnalysis';
  > 13 | import QuotationComparison from './pages/QuotationComparison';
       |                                 ^^^^^^^^^^^^^^^^^^^^^^^^^^^^^
    14 |
    15 | const drawerWidth = 240;
    16 |

ERROR in src/services/mapping.ts:5:10
TS2614: Module '"./api"' has no exported member 'mappingAxios'. Did you mean to use 'import mappingAxios from "./api"' instead?
    3 |  * @description 자동 매핑 실행, 결과 조회, 항목 수정 등
    4 |  */
  > 5 | import { mappingAxios } from './api';
      |          ^^^^^^^^^^^^
    6 |
    7 | export const mappingAPI = {
    8 |   /** 자동 매핑 실행 */

ERROR in src/services/parsing.ts:5:10
TS2614: Module '"./api"' has no exported member 'baseApi'. Did you mean to use 'import baseApi from "./api"' instead?
    3 |  * @description 견적서 업로드, 목록 조회, 상세 조회, 삭제 등
    4 |  */
  > 5 | import { baseApi } from './api';
      |          ^^^^^^^
    6 |
    7 | export const parsingAPI = {
    8 |   /** 견적서 파일 업로드 및 파싱 */

Compiling...
Failed to compile.

Module not found: Error: Can't resolve './pages/QuotationComparison' in '/Users/navynam/WORK/cost-analysis-system/frontend/src'
WARNING in [eslint] 
src/layouts/MainLayout.tsx
  Line 4:25:   'AccountCircle' is defined but never used          @typescript-eslint/no-unused-vars
  Line 10:17:  'logout' is assigned a value but never used        @typescript-eslint/no-unused-vars
  Line 11:9:   'sidebarWidth' is assigned a value but never used  @typescript-eslint/no-unused-vars

src/pages/Dashboard.tsx
  Line 5:27:  'useEffect' is defined but never used  @typescript-eslint/no-unused-vars

src/pages/History.tsx
  Line 7:52:  'IconButton' is defined but never used  @typescript-eslint/no-unused-vars

ERROR in ./src/App.tsx 14:0-62
Module not found: Error: Can't resolve './pages/QuotationComparison' in '/Users/navynam/WORK/cost-analysis-system/frontend/src'

webpack compiled with 1 error and 1 warning
ERROR in src/App.tsx:13:33
TS2307: Cannot find module './pages/QuotationComparison' or its corresponding type declarations.
    11 | import QuotationReview from './pages/QuotationReview';
    12 | import QuotationAnalysis from './pages/QuotationAnalysis';
  > 13 | import QuotationComparison from './pages/QuotationComparison';
       |                                 ^^^^^^^^^^^^^^^^^^^^^^^^^^^^^
    14 |
    15 | const drawerWidth = 240;
    16 |

ERROR in src/services/mapping.ts:5:10
TS2614: Module '"./api"' has no exported member 'mappingAxios'. Did you mean to use 'import mappingAxios from "./api"' instead?
    3 |  * @description 자동 매핑 실행, 결과 조회, 항목 수정 등
    4 |  */
  > 5 | import { mappingAxios } from './api';
      |          ^^^^^^^^^^^^
    6 |
    7 | export const mappingAPI = {
    8 |   /** 자동 매핑 실행 */

ERROR in src/services/parsing.ts:5:10
TS2614: Module '"./api"' has no exported member 'baseApi'. Did you mean to use 'import baseApi from "./api"' instead?
    3 |  * @description 견적서 업로드, 목록 조회, 상세 조회, 삭제 등
    4 |  */
  > 5 | import { baseApi } from './api';
      |          ^^^^^^^
    6 |
    7 | export const parsingAPI = {
    8 |   /** 견적서 파일 업로드 및 파싱 */

Compiling...
Compiled with warnings.

[eslint] 
src/layouts/MainLayout.tsx
  Line 4:25:   'AccountCircle' is defined but never used          @typescript-eslint/no-unused-vars
  Line 10:17:  'logout' is assigned a value but never used        @typescript-eslint/no-unused-vars
  Line 11:9:   'sidebarWidth' is assigned a value but never used  @typescript-eslint/no-unused-vars

src/pages/Dashboard.tsx
  Line 5:27:  'useEffect' is defined but never used  @typescript-eslint/no-unused-vars

src/pages/History.tsx
  Line 7:52:  'IconButton' is defined but never used  @typescript-eslint/no-unused-vars

Search for the keywords to learn more about each warning.
To ignore, add // eslint-disable-next-line to the line before.

WARNING in [eslint] 
src/layouts/MainLayout.tsx
  Line 4:25:   'AccountCircle' is defined but never used          @typescript-eslint/no-unused-vars
  Line 10:17:  'logout' is assigned a value but never used        @typescript-eslint/no-unused-vars
  Line 11:9:   'sidebarWidth' is assigned a value but never used  @typescript-eslint/no-unused-vars

src/pages/Dashboard.tsx
  Line 5:27:  'useEffect' is defined but never used  @typescript-eslint/no-unused-vars

src/pages/History.tsx
  Line 7:52:  'IconButton' is defined but never used  @typescript-eslint/no-unused-vars

webpack compiled with 1 warning
Files successfully emitted, waiting for typecheck results...
Issues checking in progress...
ERROR in src/services/mapping.ts:5:10
TS2614: Module '"./api"' has no exported member 'mappingAxios'. Did you mean to use 'import mappingAxios from "./api"' instead?
    3 |  * @description 자동 매핑 실행, 결과 조회, 항목 수정 등
    4 |  */
  > 5 | import { mappingAxios } from './api';
      |          ^^^^^^^^^^^^
    6 |
    7 | export const mappingAPI = {
    8 |   /** 자동 매핑 실행 */

ERROR in src/services/parsing.ts:5:10
TS2614: Module '"./api"' has no exported member 'baseApi'. Did you mean to use 'import baseApi from "./api"' instead?
    3 |  * @description 견적서 업로드, 목록 조회, 상세 조회, 삭제 등
    4 |  */
  > 5 | import { baseApi } from './api';
      |          ^^^^^^^
    6 |
    7 | export const parsingAPI = {
    8 |   /** 견적서 파일 업로드 및 파싱 */

Compiling...
Compiled with warnings.

[eslint] 
src/layouts/MainLayout.tsx
  Line 4:25:   'AccountCircle' is defined but never used          @typescript-eslint/no-unused-vars
  Line 10:17:  'logout' is assigned a value but never used        @typescript-eslint/no-unused-vars
  Line 11:9:   'sidebarWidth' is assigned a value but never used  @typescript-eslint/no-unused-vars

src/pages/Dashboard.tsx
  Line 5:27:  'useEffect' is defined but never used  @typescript-eslint/no-unused-vars

src/pages/History.tsx
  Line 7:52:  'IconButton' is defined but never used  @typescript-eslint/no-unused-vars

Search for the keywords to learn more about each warning.
To ignore, add // eslint-disable-next-line to the line before.

WARNING in [eslint] 
src/layouts/MainLayout.tsx
  Line 4:25:   'AccountCircle' is defined but never used          @typescript-eslint/no-unused-vars
  Line 10:17:  'logout' is assigned a value but never used        @typescript-eslint/no-unused-vars
  Line 11:9:   'sidebarWidth' is assigned a value but never used  @typescript-eslint/no-unused-vars

src/pages/Dashboard.tsx
  Line 5:27:  'useEffect' is defined but never used  @typescript-eslint/no-unused-vars

src/pages/History.tsx
  Line 7:52:  'IconButton' is defined but never used  @typescript-eslint/no-unused-vars

webpack compiled with 1 warning
ERROR in src/services/mapping.ts:5:10
TS2614: Module '"./api"' has no exported member 'mappingAxios'. Did you mean to use 'import mappingAxios from "./api"' instead?
    3 |  * @description 자동 매핑 실행, 결과 조회, 항목 수정 등
    4 |  */
  > 5 | import { mappingAxios } from './api';
      |          ^^^^^^^^^^^^
    6 |
    7 | export const mappingAPI = {
    8 |   /** 자동 매핑 실행 */

ERROR in src/services/parsing.ts:5:10
TS2614: Module '"./api"' has no exported member 'baseApi'. Did you mean to use 'import baseApi from "./api"' instead?
    3 |  * @description 견적서 업로드, 목록 조회, 상세 조회, 삭제 등
    4 |  */
  > 5 | import { baseApi } from './api';
      |          ^^^^^^^
    6 |
    7 | export const parsingAPI = {
    8 |   /** 견적서 파일 업로드 및 파싱 */

Compiling...
Failed to compile.

Attempted import error: 'getRawData' is not exported from '../services/quotationApi' (imported as 'getRawData').
WARNING in [eslint] 
src/layouts/MainLayout.tsx
  Line 4:25:   'AccountCircle' is defined but never used          @typescript-eslint/no-unused-vars
  Line 10:17:  'logout' is assigned a value but never used        @typescript-eslint/no-unused-vars
  Line 11:9:   'sidebarWidth' is assigned a value but never used  @typescript-eslint/no-unused-vars

src/pages/Dashboard.tsx
  Line 5:27:  'useEffect' is defined but never used  @typescript-eslint/no-unused-vars

src/pages/History.tsx
  Line 7:52:  'IconButton' is defined but never used  @typescript-eslint/no-unused-vars

ERROR in ./src/pages/QuotationReview.tsx 84:24-34
export 'getRawData' (imported as 'getRawData') was not found in '../services/quotationApi' (possible exports: analyzeQuotation, getAnalysis, getQuotation, getQuotations, reviewComplete, updateItem, uploadQuotation)

webpack compiled with 1 error and 1 warning
ERROR in src/pages/QuotationReview.tsx:10:70
TS2305: Module '"../services/quotationApi"' has no exported member 'getRawData'.
     8 | import DescriptionIcon from '@mui/icons-material/Description';
     9 | import CloseIcon from '@mui/icons-material/Close';
  > 10 | import { getQuotation, updateItem, reviewComplete, analyzeQuotation, getRawData, Quotation, QuotationItem } from '../services/quotationApi';
       |                                                                      ^^^^^^^^^^
    11 |
    12 | const statusChip = (status: string) => {
    13 |   const map: Record<string, { color: 'success' | 'warning' | 'error'; label: string }> = {

ERROR in src/services/mapping.ts:5:10
TS2614: Module '"./api"' has no exported member 'mappingAxios'. Did you mean to use 'import mappingAxios from "./api"' instead?
    3 |  * @description 자동 매핑 실행, 결과 조회, 항목 수정 등
    4 |  */
  > 5 | import { mappingAxios } from './api';
      |          ^^^^^^^^^^^^
    6 |
    7 | export const mappingAPI = {
    8 |   /** 자동 매핑 실행 */

ERROR in src/services/parsing.ts:5:10
TS2614: Module '"./api"' has no exported member 'baseApi'. Did you mean to use 'import baseApi from "./api"' instead?
    3 |  * @description 견적서 업로드, 목록 조회, 상세 조회, 삭제 등
    4 |  */
  > 5 | import { baseApi } from './api';
      |          ^^^^^^^
    6 |
    7 | export const parsingAPI = {
    8 |   /** 견적서 파일 업로드 및 파싱 */

Compiling...
Failed to compile.

Attempted import error: 'getProductQuotations' is not exported from '../services/quotationApi' (imported as 'getProductQuotations').
WARNING in [eslint] 
src/layouts/MainLayout.tsx
  Line 4:25:   'AccountCircle' is defined but never used          @typescript-eslint/no-unused-vars
  Line 10:17:  'logout' is assigned a value but never used        @typescript-eslint/no-unused-vars
  Line 11:9:   'sidebarWidth' is assigned a value but never used  @typescript-eslint/no-unused-vars

src/pages/Dashboard.tsx
  Line 5:27:  'useEffect' is defined but never used  @typescript-eslint/no-unused-vars

src/pages/History.tsx
  Line 7:52:  'IconButton' is defined but never used  @typescript-eslint/no-unused-vars

ERROR in ./src/pages/QuotationComparison.tsx 43:4-24
export 'getProductQuotations' (imported as 'getProductQuotations') was not found in '../services/quotationApi' (possible exports: analyzeQuotation, getAnalysis, getQuotation, getQuotations, reviewComplete, updateItem, uploadQuotation)

ERROR in ./src/pages/QuotationReview.tsx 84:24-34
export 'getRawData' (imported as 'getRawData') was not found in '../services/quotationApi' (possible exports: analyzeQuotation, getAnalysis, getQuotation, getQuotations, reviewComplete, updateItem, uploadQuotation)

webpack compiled with 2 errors and 1 warning
Files successfully emitted, waiting for typecheck results...
Issues checking in progress...
ERROR in src/pages/QuotationComparison.tsx:9:10
TS2305: Module '"../services/quotationApi"' has no exported member 'getProductQuotations'.
     7 | import CompareArrowsIcon from '@mui/icons-material/CompareArrows';
     8 | import { getProducts, Product } from '../services/productApi';
  >  9 | import { getProductQuotations } from '../services/quotationApi';
       |          ^^^^^^^^^^^^^^^^^^^^
    10 | import { getComparison, ComparisonData } from '../services/comparisonApi';
    11 | import { Quotation } from '../services/quotationApi';
    12 |

ERROR in src/pages/QuotationComparison.tsx:39:53
TS7006: Parameter 'r' implicitly has an 'any' type.
    37 |     setSelectedIds([]);
    38 |     setData(null);
  > 39 |     getProductQuotations(productId as number).then((r) => setQuotations(r.data));
       |                                                     ^
    40 |   }, [productId]);
    41 |
    42 |   const toggleSelect = (id: number) => {

ERROR in src/pages/QuotationComparison.tsx:49:58
TS2554: Expected 1 arguments, but got 2.
    47 |     if (selectedIds.length < 2) return;
    48 |     setLoading(true);
  > 49 |     const res = await getComparison(productId as number, selectedIds);
       |                                                          ^^^^^^^^^^^
    50 |     setData(res.data);
    51 |     setActiveStep(2);
    52 |     setLoading(false);

ERROR in src/pages/QuotationReview.tsx:10:70
TS2305: Module '"../services/quotationApi"' has no exported member 'getRawData'.
     8 | import DescriptionIcon from '@mui/icons-material/Description';
     9 | import CloseIcon from '@mui/icons-material/Close';
  > 10 | import { getQuotation, updateItem, reviewComplete, analyzeQuotation, getRawData, Quotation, QuotationItem } from '../services/quotationApi';
       |                                                                      ^^^^^^^^^^
    11 |
    12 | const statusChip = (status: string) => {
    13 |   const map: Record<string, { color: 'success' | 'warning' | 'error'; label: string }> = {

ERROR in src/services/mapping.ts:5:10
TS2614: Module '"./api"' has no exported member 'mappingAxios'. Did you mean to use 'import mappingAxios from "./api"' instead?
    3 |  * @description 자동 매핑 실행, 결과 조회, 항목 수정 등
    4 |  */
  > 5 | import { mappingAxios } from './api';
      |          ^^^^^^^^^^^^
    6 |
    7 | export const mappingAPI = {
    8 |   /** 자동 매핑 실행 */

ERROR in src/services/parsing.ts:5:10
TS2614: Module '"./api"' has no exported member 'baseApi'. Did you mean to use 'import baseApi from "./api"' instead?
    3 |  * @description 견적서 업로드, 목록 조회, 상세 조회, 삭제 등
    4 |  */
  > 5 | import { baseApi } from './api';
      |          ^^^^^^^
    6 |
    7 | export const parsingAPI = {
    8 |   /** 견적서 파일 업로드 및 파싱 */

Compiling...
Compiled with warnings.

[eslint] 
src/layouts/MainLayout.tsx
  Line 4:25:   'AccountCircle' is defined but never used          @typescript-eslint/no-unused-vars
  Line 10:17:  'logout' is assigned a value but never used        @typescript-eslint/no-unused-vars
  Line 11:9:   'sidebarWidth' is assigned a value but never used  @typescript-eslint/no-unused-vars

src/pages/Dashboard.tsx
  Line 5:27:  'useEffect' is defined but never used  @typescript-eslint/no-unused-vars

src/pages/History.tsx
  Line 7:52:  'IconButton' is defined but never used  @typescript-eslint/no-unused-vars

Search for the keywords to learn more about each warning.
To ignore, add // eslint-disable-next-line to the line before.

WARNING in [eslint] 
src/layouts/MainLayout.tsx
  Line 4:25:   'AccountCircle' is defined but never used          @typescript-eslint/no-unused-vars
  Line 10:17:  'logout' is assigned a value but never used        @typescript-eslint/no-unused-vars
  Line 11:9:   'sidebarWidth' is assigned a value but never used  @typescript-eslint/no-unused-vars

src/pages/Dashboard.tsx
  Line 5:27:  'useEffect' is defined but never used  @typescript-eslint/no-unused-vars

src/pages/History.tsx
  Line 7:52:  'IconButton' is defined but never used  @typescript-eslint/no-unused-vars

webpack compiled with 1 warning
Files successfully emitted, waiting for typecheck results...
Issues checking in progress...
ERROR in src/pages/QuotationComparison.tsx:49:58
TS2554: Expected 1 arguments, but got 2.
    47 |     if (selectedIds.length < 2) return;
    48 |     setLoading(true);
  > 49 |     const res = await getComparison(productId as number, selectedIds);
       |                                                          ^^^^^^^^^^^
    50 |     setData(res.data);
    51 |     setActiveStep(2);
    52 |     setLoading(false);

ERROR in src/services/mapping.ts:5:10
TS2614: Module '"./api"' has no exported member 'mappingAxios'. Did you mean to use 'import mappingAxios from "./api"' instead?
    3 |  * @description 자동 매핑 실행, 결과 조회, 항목 수정 등
    4 |  */
  > 5 | import { mappingAxios } from './api';
      |          ^^^^^^^^^^^^
    6 |
    7 | export const mappingAPI = {
    8 |   /** 자동 매핑 실행 */

ERROR in src/services/parsing.ts:5:10
TS2614: Module '"./api"' has no exported member 'baseApi'. Did you mean to use 'import baseApi from "./api"' instead?
    3 |  * @description 견적서 업로드, 목록 조회, 상세 조회, 삭제 등
    4 |  */
  > 5 | import { baseApi } from './api';
      |          ^^^^^^^
    6 |
    7 | export const parsingAPI = {
    8 |   /** 견적서 파일 업로드 및 파싱 */

Compiling...
Compiled with warnings.

[eslint] 
src/layouts/MainLayout.tsx
  Line 4:25:   'AccountCircle' is defined but never used          @typescript-eslint/no-unused-vars
  Line 10:17:  'logout' is assigned a value but never used        @typescript-eslint/no-unused-vars
  Line 11:9:   'sidebarWidth' is assigned a value but never used  @typescript-eslint/no-unused-vars

src/pages/Dashboard.tsx
  Line 5:27:  'useEffect' is defined but never used  @typescript-eslint/no-unused-vars

src/pages/History.tsx
  Line 7:52:  'IconButton' is defined but never used  @typescript-eslint/no-unused-vars

Search for the keywords to learn more about each warning.
To ignore, add // eslint-disable-next-line to the line before.

WARNING in [eslint] 
src/layouts/MainLayout.tsx
  Line 4:25:   'AccountCircle' is defined but never used          @typescript-eslint/no-unused-vars
  Line 10:17:  'logout' is assigned a value but never used        @typescript-eslint/no-unused-vars
  Line 11:9:   'sidebarWidth' is assigned a value but never used  @typescript-eslint/no-unused-vars

src/pages/Dashboard.tsx
  Line 5:27:  'useEffect' is defined but never used  @typescript-eslint/no-unused-vars

src/pages/History.tsx
  Line 7:52:  'IconButton' is defined but never used  @typescript-eslint/no-unused-vars

webpack compiled with 1 warning
Files successfully emitted, waiting for typecheck results...
Issues checking in progress...
ERROR in src/services/mapping.ts:5:10
TS2614: Module '"./api"' has no exported member 'mappingAxios'. Did you mean to use 'import mappingAxios from "./api"' instead?
    3 |  * @description 자동 매핑 실행, 결과 조회, 항목 수정 등
    4 |  */
  > 5 | import { mappingAxios } from './api';
      |          ^^^^^^^^^^^^
    6 |
    7 | export const mappingAPI = {
    8 |   /** 자동 매핑 실행 */

ERROR in src/services/parsing.ts:5:10
TS2614: Module '"./api"' has no exported member 'baseApi'. Did you mean to use 'import baseApi from "./api"' instead?
    3 |  * @description 견적서 업로드, 목록 조회, 상세 조회, 삭제 등
    4 |  */
  > 5 | import { baseApi } from './api';
      |          ^^^^^^^
    6 |
    7 | export const parsingAPI = {
    8 |   /** 견적서 파일 업로드 및 파싱 */

Compiling...
Compiled with warnings.

[eslint] 
src/layouts/MainLayout.tsx
  Line 4:25:   'AccountCircle' is defined but never used          @typescript-eslint/no-unused-vars
  Line 10:17:  'logout' is assigned a value but never used        @typescript-eslint/no-unused-vars
  Line 11:9:   'sidebarWidth' is assigned a value but never used  @typescript-eslint/no-unused-vars

src/pages/Dashboard.tsx
  Line 5:27:  'useEffect' is defined but never used  @typescript-eslint/no-unused-vars

src/pages/History.tsx
  Line 7:52:  'IconButton' is defined but never used  @typescript-eslint/no-unused-vars

Search for the keywords to learn more about each warning.
To ignore, add // eslint-disable-next-line to the line before.

WARNING in [eslint] 
src/layouts/MainLayout.tsx
  Line 4:25:   'AccountCircle' is defined but never used          @typescript-eslint/no-unused-vars
  Line 10:17:  'logout' is assigned a value but never used        @typescript-eslint/no-unused-vars
  Line 11:9:   'sidebarWidth' is assigned a value but never used  @typescript-eslint/no-unused-vars

src/pages/Dashboard.tsx
  Line 5:27:  'useEffect' is defined but never used  @typescript-eslint/no-unused-vars

src/pages/History.tsx
  Line 7:52:  'IconButton' is defined but never used  @typescript-eslint/no-unused-vars

webpack compiled with 1 warning
Files successfully emitted, waiting for typecheck results...
Issues checking in progress...
ERROR in src/layouts/Sidebar.tsx:62:10
TS2552: Cannot find name 'menuItems'. Did you mean 'subMenuItems'?
    60 |       {/* 메뉴 */}
    61 |       <List sx={{ flex: 1, py: 1 }}>
  > 62 |         {menuItems.map(item => {
       |          ^^^^^^^^^
    63 |           const active = location.pathname === item.path;
    64 |           return (
    65 |             <ListItemButton

ERROR in src/layouts/Sidebar.tsx:62:24
TS7006: Parameter 'item' implicitly has an 'any' type.
    60 |       {/* 메뉴 */}
    61 |       <List sx={{ flex: 1, py: 1 }}>
  > 62 |         {menuItems.map(item => {
       |                        ^^^^
    63 |           const active = location.pathname === item.path;
    64 |           return (
    65 |             <ListItemButton

ERROR in src/services/mapping.ts:5:10
TS2614: Module '"./api"' has no exported member 'mappingAxios'. Did you mean to use 'import mappingAxios from "./api"' instead?
    3 |  * @description 자동 매핑 실행, 결과 조회, 항목 수정 등
    4 |  */
  > 5 | import { mappingAxios } from './api';
      |          ^^^^^^^^^^^^
    6 |
    7 | export const mappingAPI = {
    8 |   /** 자동 매핑 실행 */

ERROR in src/services/parsing.ts:5:10
TS2614: Module '"./api"' has no exported member 'baseApi'. Did you mean to use 'import baseApi from "./api"' instead?
    3 |  * @description 견적서 업로드, 목록 조회, 상세 조회, 삭제 등
    4 |  */
  > 5 | import { baseApi } from './api';
      |          ^^^^^^^
    6 |
    7 | export const parsingAPI = {
    8 |   /** 견적서 파일 업로드 및 파싱 */

Compiling...
Compiled with warnings.

[eslint] 
src/layouts/MainLayout.tsx
  Line 4:25:   'AccountCircle' is defined but never used          @typescript-eslint/no-unused-vars
  Line 10:17:  'logout' is assigned a value but never used        @typescript-eslint/no-unused-vars
  Line 11:9:   'sidebarWidth' is assigned a value but never used  @typescript-eslint/no-unused-vars

src/pages/Dashboard.tsx
  Line 5:27:  'useEffect' is defined but never used  @typescript-eslint/no-unused-vars

src/pages/History.tsx
  Line 7:52:  'IconButton' is defined but never used  @typescript-eslint/no-unused-vars

Search for the keywords to learn more about each warning.
To ignore, add // eslint-disable-next-line to the line before.

WARNING in [eslint] 
src/layouts/MainLayout.tsx
  Line 4:25:   'AccountCircle' is defined but never used          @typescript-eslint/no-unused-vars
  Line 10:17:  'logout' is assigned a value but never used        @typescript-eslint/no-unused-vars
  Line 11:9:   'sidebarWidth' is assigned a value but never used  @typescript-eslint/no-unused-vars

src/pages/Dashboard.tsx
  Line 5:27:  'useEffect' is defined but never used  @typescript-eslint/no-unused-vars

src/pages/History.tsx
  Line 7:52:  'IconButton' is defined but never used  @typescript-eslint/no-unused-vars

webpack compiled with 1 warning
Files successfully emitted, waiting for typecheck results...
Issues checking in progress...
ERROR in src/services/mapping.ts:5:10
TS2614: Module '"./api"' has no exported member 'mappingAxios'. Did you mean to use 'import mappingAxios from "./api"' instead?
    3 |  * @description 자동 매핑 실행, 결과 조회, 항목 수정 등
    4 |  */
  > 5 | import { mappingAxios } from './api';
      |          ^^^^^^^^^^^^
    6 |
    7 | export const mappingAPI = {
    8 |   /** 자동 매핑 실행 */

ERROR in src/services/parsing.ts:5:10
TS2614: Module '"./api"' has no exported member 'baseApi'. Did you mean to use 'import baseApi from "./api"' instead?
    3 |  * @description 견적서 업로드, 목록 조회, 상세 조회, 삭제 등
    4 |  */
  > 5 | import { baseApi } from './api';
      |          ^^^^^^^
    6 |
    7 | export const parsingAPI = {
    8 |   /** 견적서 파일 업로드 및 파싱 */

Compiling...
Failed to compile.

Module not found: Error: Can't resolve './pages/ParsedDataReview' in '/Users/navynam/WORK/cost-analysis-system/frontend/src'
WARNING in [eslint] 
src/layouts/MainLayout.tsx
  Line 4:25:   'AccountCircle' is defined but never used          @typescript-eslint/no-unused-vars
  Line 10:17:  'logout' is assigned a value but never used        @typescript-eslint/no-unused-vars
  Line 11:9:   'sidebarWidth' is assigned a value but never used  @typescript-eslint/no-unused-vars

src/pages/Dashboard.tsx
  Line 5:27:  'useEffect' is defined but never used  @typescript-eslint/no-unused-vars

src/pages/History.tsx
  Line 7:52:  'IconButton' is defined but never used  @typescript-eslint/no-unused-vars

ERROR in ./src/App.tsx 11:0-56
Module not found: Error: Can't resolve './pages/ParsedDataReview' in '/Users/navynam/WORK/cost-analysis-system/frontend/src'

ERROR in ./src/services/mapping.ts 10:25-42
export 'mappingAxios' (imported as 'mappingAxios') was not found in './api' (possible exports: default)

ERROR in ./src/services/mapping.ts 12:28-44
export 'mappingAxios' (imported as 'mappingAxios') was not found in './api' (possible exports: default)

ERROR in ./src/services/mapping.ts 14:47-63
export 'mappingAxios' (imported as 'mappingAxios') was not found in './api' (possible exports: default)

ERROR in ./src/services/parsing.ts 13:11-23
export 'baseApi' (imported as 'baseApi') was not found in './api' (possible exports: default)

ERROR in ./src/services/parsing.ts 20:26-37
export 'baseApi' (imported as 'baseApi') was not found in './api' (possible exports: default)

ERROR in ./src/services/parsing.ts 24:27-38
export 'baseApi' (imported as 'baseApi') was not found in './api' (possible exports: default)

ERROR in ./src/services/parsing.ts 26:24-38
export 'baseApi' (imported as 'baseApi') was not found in './api' (possible exports: default)

ERROR in ./src/services/parsing.ts 28:31-43
export 'baseApi' (imported as 'baseApi') was not found in './api' (possible exports: default)

webpack compiled with 9 errors and 1 warning
ERROR in src/App.tsx:8:30
TS2307: Cannot find module './pages/ParsedDataReview' or its corresponding type declarations.
     6 | // 메인 플로우 4단계
     7 | import Parsing from './pages/Parsing';
  >  8 | import ParsedDataReview from './pages/ParsedDataReview';
       |                              ^^^^^^^^^^^^^^^^^^^^^^^^^^
     9 | import Verification from './pages/Verification';
    10 | import QuotationComparison from './pages/QuotationComparison';
    11 |

ERROR in src/services/mapping.ts:5:10
TS2614: Module '"./api"' has no exported member 'mappingAxios'. Did you mean to use 'import mappingAxios from "./api"' instead?
    3 |  * @description 자동 매핑 실행, 결과 조회, 항목 수정 등
    4 |  */
  > 5 | import { mappingAxios } from './api';
      |          ^^^^^^^^^^^^
    6 |
    7 | export const mappingAPI = {
    8 |   /** 자동 매핑 실행 */

ERROR in src/services/parsing.ts:5:10
TS2614: Module '"./api"' has no exported member 'baseApi'. Did you mean to use 'import baseApi from "./api"' instead?
    3 |  * @description 견적서 업로드, 목록 조회, 상세 조회, 삭제 등
    4 |  */
  > 5 | import { baseApi } from './api';
      |          ^^^^^^^
    6 |
    7 | export const parsingAPI = {
    8 |   /** 견적서 파일 업로드 및 파싱 */

Compiling...
Failed to compile.

Attempted import error: 'mappingAxios' is not exported from './api' (imported as 'mappingAxios').
WARNING in [eslint] 
src/layouts/MainLayout.tsx
  Line 4:25:   'AccountCircle' is defined but never used          @typescript-eslint/no-unused-vars
  Line 10:17:  'logout' is assigned a value but never used        @typescript-eslint/no-unused-vars
  Line 11:9:   'sidebarWidth' is assigned a value but never used  @typescript-eslint/no-unused-vars

src/pages/Dashboard.tsx
  Line 5:27:  'useEffect' is defined but never used  @typescript-eslint/no-unused-vars

src/pages/History.tsx
  Line 7:52:  'IconButton' is defined but never used  @typescript-eslint/no-unused-vars

ERROR in ./src/services/mapping.ts 10:25-42
export 'mappingAxios' (imported as 'mappingAxios') was not found in './api' (possible exports: default)

ERROR in ./src/services/mapping.ts 12:28-44
export 'mappingAxios' (imported as 'mappingAxios') was not found in './api' (possible exports: default)

ERROR in ./src/services/mapping.ts 14:47-63
export 'mappingAxios' (imported as 'mappingAxios') was not found in './api' (possible exports: default)

ERROR in ./src/services/parsing.ts 13:11-23
export 'baseApi' (imported as 'baseApi') was not found in './api' (possible exports: default)

ERROR in ./src/services/parsing.ts 20:26-37
export 'baseApi' (imported as 'baseApi') was not found in './api' (possible exports: default)

ERROR in ./src/services/parsing.ts 24:27-38
export 'baseApi' (imported as 'baseApi') was not found in './api' (possible exports: default)

ERROR in ./src/services/parsing.ts 26:24-38
export 'baseApi' (imported as 'baseApi') was not found in './api' (possible exports: default)

ERROR in ./src/services/parsing.ts 28:31-43
export 'baseApi' (imported as 'baseApi') was not found in './api' (possible exports: default)

webpack compiled with 8 errors and 1 warning
Files successfully emitted, waiting for typecheck results...
Issues checking in progress...
ERROR in src/services/mapping.ts:5:10
TS2614: Module '"./api"' has no exported member 'mappingAxios'. Did you mean to use 'import mappingAxios from "./api"' instead?
    3 |  * @description 자동 매핑 실행, 결과 조회, 항목 수정 등
    4 |  */
  > 5 | import { mappingAxios } from './api';
      |          ^^^^^^^^^^^^
    6 |
    7 | export const mappingAPI = {
    8 |   /** 자동 매핑 실행 */

ERROR in src/services/parsing.ts:5:10
TS2614: Module '"./api"' has no exported member 'baseApi'. Did you mean to use 'import baseApi from "./api"' instead?
    3 |  * @description 견적서 업로드, 목록 조회, 상세 조회, 삭제 등
    4 |  */
  > 5 | import { baseApi } from './api';
      |          ^^^^^^^
    6 |
    7 | export const parsingAPI = {
    8 |   /** 견적서 파일 업로드 및 파싱 */

Compiling...
Failed to compile.

Attempted import error: 'mappingAxios' is not exported from './api' (imported as 'mappingAxios').
WARNING in [eslint] 
src/layouts/MainLayout.tsx
  Line 4:25:   'AccountCircle' is defined but never used          @typescript-eslint/no-unused-vars
  Line 10:17:  'logout' is assigned a value but never used        @typescript-eslint/no-unused-vars
  Line 11:9:   'sidebarWidth' is assigned a value but never used  @typescript-eslint/no-unused-vars

src/pages/Dashboard.tsx
  Line 5:27:  'useEffect' is defined but never used  @typescript-eslint/no-unused-vars

src/pages/History.tsx
  Line 7:52:  'IconButton' is defined but never used  @typescript-eslint/no-unused-vars

ERROR in ./src/services/mapping.ts 10:25-42
export 'mappingAxios' (imported as 'mappingAxios') was not found in './api' (possible exports: default)

ERROR in ./src/services/mapping.ts 12:28-44
export 'mappingAxios' (imported as 'mappingAxios') was not found in './api' (possible exports: default)

ERROR in ./src/services/mapping.ts 14:47-63
export 'mappingAxios' (imported as 'mappingAxios') was not found in './api' (possible exports: default)

ERROR in ./src/services/parsing.ts 13:11-23
export 'baseApi' (imported as 'baseApi') was not found in './api' (possible exports: default)

ERROR in ./src/services/parsing.ts 20:26-37
export 'baseApi' (imported as 'baseApi') was not found in './api' (possible exports: default)

ERROR in ./src/services/parsing.ts 24:27-38
export 'baseApi' (imported as 'baseApi') was not found in './api' (possible exports: default)

ERROR in ./src/services/parsing.ts 26:24-38
export 'baseApi' (imported as 'baseApi') was not found in './api' (possible exports: default)

ERROR in ./src/services/parsing.ts 28:31-43
export 'baseApi' (imported as 'baseApi') was not found in './api' (possible exports: default)

webpack compiled with 8 errors and 1 warning
ERROR in src/services/mapping.ts:5:10
TS2614: Module '"./api"' has no exported member 'mappingAxios'. Did you mean to use 'import mappingAxios from "./api"' instead?
    3 |  * @description 자동 매핑 실행, 결과 조회, 항목 수정 등
    4 |  */
  > 5 | import { mappingAxios } from './api';
      |          ^^^^^^^^^^^^
    6 |
    7 | export const mappingAPI = {
    8 |   /** 자동 매핑 실행 */

ERROR in src/services/parsing.ts:5:10
TS2614: Module '"./api"' has no exported member 'baseApi'. Did you mean to use 'import baseApi from "./api"' instead?
    3 |  * @description 견적서 업로드, 목록 조회, 상세 조회, 삭제 등
    4 |  */
  > 5 | import { baseApi } from './api';
      |          ^^^^^^^
    6 |
    7 | export const parsingAPI = {
    8 |   /** 견적서 파일 업로드 및 파싱 */

Compiling...
Failed to compile.

Attempted import error: 'mappingAxios' is not exported from './api' (imported as 'mappingAxios').
WARNING in [eslint] 
src/layouts/MainLayout.tsx
  Line 4:25:   'AccountCircle' is defined but never used          @typescript-eslint/no-unused-vars
  Line 10:17:  'logout' is assigned a value but never used        @typescript-eslint/no-unused-vars
  Line 11:9:   'sidebarWidth' is assigned a value but never used  @typescript-eslint/no-unused-vars

src/pages/Dashboard.tsx
  Line 5:27:  'useEffect' is defined but never used  @typescript-eslint/no-unused-vars

src/pages/History.tsx
  Line 7:52:  'IconButton' is defined but never used  @typescript-eslint/no-unused-vars

src/pages/Verification.tsx
  Line 9:10:   'Alert' is defined but never used           @typescript-eslint/no-unused-vars
  Line 10:24:  'LinearProgress' is defined but never used  @typescript-eslint/no-unused-vars
  Line 13:3:   'PlayArrow' is defined but never used       @typescript-eslint/no-unused-vars

ERROR in ./src/services/mapping.ts 10:25-42
export 'mappingAxios' (imported as 'mappingAxios') was not found in './api' (possible exports: default)

ERROR in ./src/services/mapping.ts 12:28-44
export 'mappingAxios' (imported as 'mappingAxios') was not found in './api' (possible exports: default)

ERROR in ./src/services/mapping.ts 14:47-63
export 'mappingAxios' (imported as 'mappingAxios') was not found in './api' (possible exports: default)

ERROR in ./src/services/parsing.ts 13:11-23
export 'baseApi' (imported as 'baseApi') was not found in './api' (possible exports: default)

ERROR in ./src/services/parsing.ts 20:26-37
export 'baseApi' (imported as 'baseApi') was not found in './api' (possible exports: default)

ERROR in ./src/services/parsing.ts 24:27-38
export 'baseApi' (imported as 'baseApi') was not found in './api' (possible exports: default)

ERROR in ./src/services/parsing.ts 26:24-38
export 'baseApi' (imported as 'baseApi') was not found in './api' (possible exports: default)

ERROR in ./src/services/parsing.ts 28:31-43
export 'baseApi' (imported as 'baseApi') was not found in './api' (possible exports: default)

webpack compiled with 8 errors and 1 warning
Files successfully emitted, waiting for typecheck results...
Issues checking in progress...
ERROR in src/pages/Verification.tsx:122:26
TS2802: Type 'Set<string>' can only be iterated through when using the '--downlevelIteration' flag or with a '--target' of 'es2015' or higher.
    120 |   };
    121 |
  > 122 |   const categories = [...new Set(results.map(r => r.category))];
        |                          ^^^^^^^^^^^^^^^^^^^^^^^^^^^^^^^^^^^^^
    123 |
    124 |   return (
    125 |     <Box sx={{ p: 3, maxWidth: 1400, mx: 'auto' }}>

ERROR in src/services/mapping.ts:5:10
TS2614: Module '"./api"' has no exported member 'mappingAxios'. Did you mean to use 'import mappingAxios from "./api"' instead?
    3 |  * @description 자동 매핑 실행, 결과 조회, 항목 수정 등
    4 |  */
  > 5 | import { mappingAxios } from './api';
      |          ^^^^^^^^^^^^
    6 |
    7 | export const mappingAPI = {
    8 |   /** 자동 매핑 실행 */

ERROR in src/services/parsing.ts:5:10
TS2614: Module '"./api"' has no exported member 'baseApi'. Did you mean to use 'import baseApi from "./api"' instead?
    3 |  * @description 견적서 업로드, 목록 조회, 상세 조회, 삭제 등
    4 |  */
  > 5 | import { baseApi } from './api';
      |          ^^^^^^^
    6 |
    7 | export const parsingAPI = {
    8 |   /** 견적서 파일 업로드 및 파싱 */

Compiling...
Failed to compile.

Attempted import error: 'mappingAxios' is not exported from './api' (imported as 'mappingAxios').
WARNING in [eslint] 
src/layouts/MainLayout.tsx
  Line 4:25:   'AccountCircle' is defined but never used          @typescript-eslint/no-unused-vars
  Line 10:17:  'logout' is assigned a value but never used        @typescript-eslint/no-unused-vars
  Line 11:9:   'sidebarWidth' is assigned a value but never used  @typescript-eslint/no-unused-vars

src/pages/Dashboard.tsx
  Line 5:27:  'useEffect' is defined but never used  @typescript-eslint/no-unused-vars

src/pages/History.tsx
  Line 7:52:  'IconButton' is defined but never used  @typescript-eslint/no-unused-vars

src/pages/Verification.tsx
  Line 9:10:   'Alert' is defined but never used           @typescript-eslint/no-unused-vars
  Line 10:24:  'LinearProgress' is defined but never used  @typescript-eslint/no-unused-vars
  Line 13:3:   'PlayArrow' is defined but never used       @typescript-eslint/no-unused-vars

ERROR in ./src/services/mapping.ts 10:25-42
export 'mappingAxios' (imported as 'mappingAxios') was not found in './api' (possible exports: default)

ERROR in ./src/services/mapping.ts 12:28-44
export 'mappingAxios' (imported as 'mappingAxios') was not found in './api' (possible exports: default)

ERROR in ./src/services/mapping.ts 14:47-63
export 'mappingAxios' (imported as 'mappingAxios') was not found in './api' (possible exports: default)

ERROR in ./src/services/parsing.ts 13:11-23
export 'baseApi' (imported as 'baseApi') was not found in './api' (possible exports: default)

ERROR in ./src/services/parsing.ts 20:26-37
export 'baseApi' (imported as 'baseApi') was not found in './api' (possible exports: default)

ERROR in ./src/services/parsing.ts 24:27-38
export 'baseApi' (imported as 'baseApi') was not found in './api' (possible exports: default)

ERROR in ./src/services/parsing.ts 26:24-38
export 'baseApi' (imported as 'baseApi') was not found in './api' (possible exports: default)

ERROR in ./src/services/parsing.ts 28:31-43
export 'baseApi' (imported as 'baseApi') was not found in './api' (possible exports: default)

webpack compiled with 8 errors and 1 warning
Files successfully emitted, waiting for typecheck results...
Issues checking in progress...
ERROR in src/pages/Verification.tsx:122:26
TS2802: Type 'Set<string>' can only be iterated through when using the '--downlevelIteration' flag or with a '--target' of 'es2015' or higher.
    120 |   };
    121 |
  > 122 |   const categories = [...new Set(results.map(r => r.category))];
        |                          ^^^^^^^^^^^^^^^^^^^^^^^^^^^^^^^^^^^^^
    123 |
    124 |   return (
    125 |     <Box sx={{ p: 3, maxWidth: 1400, mx: 'auto' }}>

ERROR in src/services/mapping.ts:5:10
TS2614: Module '"./api"' has no exported member 'mappingAxios'. Did you mean to use 'import mappingAxios from "./api"' instead?
    3 |  * @description 자동 매핑 실행, 결과 조회, 항목 수정 등
    4 |  */
  > 5 | import { mappingAxios } from './api';
      |          ^^^^^^^^^^^^
    6 |
    7 | export const mappingAPI = {
    8 |   /** 자동 매핑 실행 */

ERROR in src/services/parsing.ts:5:10
TS2614: Module '"./api"' has no exported member 'baseApi'. Did you mean to use 'import baseApi from "./api"' instead?
    3 |  * @description 견적서 업로드, 목록 조회, 상세 조회, 삭제 등
    4 |  */
  > 5 | import { baseApi } from './api';
      |          ^^^^^^^
    6 |
    7 | export const parsingAPI = {
    8 |   /** 견적서 파일 업로드 및 파싱 */

Compiling...
Failed to compile.

Attempted import error: 'mappingAxios' is not exported from './api' (imported as 'mappingAxios').
WARNING in [eslint] 
src/layouts/MainLayout.tsx
  Line 4:25:   'AccountCircle' is defined but never used          @typescript-eslint/no-unused-vars
  Line 10:17:  'logout' is assigned a value but never used        @typescript-eslint/no-unused-vars
  Line 11:9:   'sidebarWidth' is assigned a value but never used  @typescript-eslint/no-unused-vars

src/pages/Dashboard.tsx
  Line 5:27:  'useEffect' is defined but never used  @typescript-eslint/no-unused-vars

src/pages/History.tsx
  Line 7:52:  'IconButton' is defined but never used  @typescript-eslint/no-unused-vars

src/pages/Verification.tsx
  Line 9:10:   'Alert' is defined but never used           @typescript-eslint/no-unused-vars
  Line 10:24:  'LinearProgress' is defined but never used  @typescript-eslint/no-unused-vars
  Line 13:3:   'PlayArrow' is defined but never used       @typescript-eslint/no-unused-vars

ERROR in ./src/services/mapping.ts 10:25-42
export 'mappingAxios' (imported as 'mappingAxios') was not found in './api' (possible exports: default)

ERROR in ./src/services/mapping.ts 12:28-44
export 'mappingAxios' (imported as 'mappingAxios') was not found in './api' (possible exports: default)

ERROR in ./src/services/mapping.ts 14:47-63
export 'mappingAxios' (imported as 'mappingAxios') was not found in './api' (possible exports: default)

ERROR in ./src/services/parsing.ts 13:11-23
export 'baseApi' (imported as 'baseApi') was not found in './api' (possible exports: default)

ERROR in ./src/services/parsing.ts 20:26-37
export 'baseApi' (imported as 'baseApi') was not found in './api' (possible exports: default)

ERROR in ./src/services/parsing.ts 24:27-38
export 'baseApi' (imported as 'baseApi') was not found in './api' (possible exports: default)

ERROR in ./src/services/parsing.ts 26:24-38
export 'baseApi' (imported as 'baseApi') was not found in './api' (possible exports: default)

ERROR in ./src/services/parsing.ts 28:31-43
export 'baseApi' (imported as 'baseApi') was not found in './api' (possible exports: default)

webpack compiled with 8 errors and 1 warning
ERROR in src/pages/Verification.tsx:122:26
TS2802: Type 'Set<string>' can only be iterated through when using the '--downlevelIteration' flag or with a '--target' of 'es2015' or higher.
    120 |   };
    121 |
  > 122 |   const categories = [...new Set(results.map(r => r.category))];
        |                          ^^^^^^^^^^^^^^^^^^^^^^^^^^^^^^^^^^^^^
    123 |
    124 |   return (
    125 |     <Box sx={{ p: 3, maxWidth: 1400, mx: 'auto' }}>

ERROR in src/services/mapping.ts:5:10
TS2614: Module '"./api"' has no exported member 'mappingAxios'. Did you mean to use 'import mappingAxios from "./api"' instead?
    3 |  * @description 자동 매핑 실행, 결과 조회, 항목 수정 등
    4 |  */
  > 5 | import { mappingAxios } from './api';
      |          ^^^^^^^^^^^^
    6 |
    7 | export const mappingAPI = {
    8 |   /** 자동 매핑 실행 */

ERROR in src/services/parsing.ts:5:10
TS2614: Module '"./api"' has no exported member 'baseApi'. Did you mean to use 'import baseApi from "./api"' instead?
    3 |  * @description 견적서 업로드, 목록 조회, 상세 조회, 삭제 등
    4 |  */
  > 5 | import { baseApi } from './api';
      |          ^^^^^^^
    6 |
    7 | export const parsingAPI = {
    8 |   /** 견적서 파일 업로드 및 파싱 */

Compiling...
Failed to compile.

Attempted import error: 'mappingAxios' is not exported from './api' (imported as 'mappingAxios').
WARNING in [eslint] 
src/App.tsx
  Line 5:10:  'AuthProvider' is defined but never used  @typescript-eslint/no-unused-vars

src/layouts/MainLayout.tsx
  Line 4:25:   'AccountCircle' is defined but never used          @typescript-eslint/no-unused-vars
  Line 10:17:  'logout' is assigned a value but never used        @typescript-eslint/no-unused-vars
  Line 11:9:   'sidebarWidth' is assigned a value but never used  @typescript-eslint/no-unused-vars

src/pages/Dashboard.tsx
  Line 5:27:  'useEffect' is defined but never used  @typescript-eslint/no-unused-vars

src/pages/History.tsx
  Line 7:52:  'IconButton' is defined but never used  @typescript-eslint/no-unused-vars

src/pages/Verification.tsx
  Line 9:10:   'Alert' is defined but never used           @typescript-eslint/no-unused-vars
  Line 10:24:  'LinearProgress' is defined but never used  @typescript-eslint/no-unused-vars
  Line 13:3:   'PlayArrow' is defined but never used       @typescript-eslint/no-unused-vars

ERROR in ./src/services/mapping.ts 10:25-42
export 'mappingAxios' (imported as 'mappingAxios') was not found in './api' (possible exports: default)

ERROR in ./src/services/mapping.ts 12:28-44
export 'mappingAxios' (imported as 'mappingAxios') was not found in './api' (possible exports: default)

ERROR in ./src/services/mapping.ts 14:47-63
export 'mappingAxios' (imported as 'mappingAxios') was not found in './api' (possible exports: default)

ERROR in ./src/services/parsing.ts 13:11-23
export 'baseApi' (imported as 'baseApi') was not found in './api' (possible exports: default)

ERROR in ./src/services/parsing.ts 20:26-37
export 'baseApi' (imported as 'baseApi') was not found in './api' (possible exports: default)

ERROR in ./src/services/parsing.ts 24:27-38
export 'baseApi' (imported as 'baseApi') was not found in './api' (possible exports: default)

ERROR in ./src/services/parsing.ts 26:24-38
export 'baseApi' (imported as 'baseApi') was not found in './api' (possible exports: default)

ERROR in ./src/services/parsing.ts 28:31-43
export 'baseApi' (imported as 'baseApi') was not found in './api' (possible exports: default)

webpack compiled with 8 errors and 1 warning
ERROR in src/pages/Verification.tsx:122:26
TS2802: Type 'Set<string>' can only be iterated through when using the '--downlevelIteration' flag or with a '--target' of 'es2015' or higher.
    120 |   };
    121 |
  > 122 |   const categories = [...new Set(results.map(r => r.category))];
        |                          ^^^^^^^^^^^^^^^^^^^^^^^^^^^^^^^^^^^^^
    123 |
    124 |   return (
    125 |     <Box sx={{ p: 3, maxWidth: 1400, mx: 'auto' }}>

ERROR in src/services/mapping.ts:5:10
TS2614: Module '"./api"' has no exported member 'mappingAxios'. Did you mean to use 'import mappingAxios from "./api"' instead?
    3 |  * @description 자동 매핑 실행, 결과 조회, 항목 수정 등
    4 |  */
  > 5 | import { mappingAxios } from './api';
      |          ^^^^^^^^^^^^
    6 |
    7 | export const mappingAPI = {
    8 |   /** 자동 매핑 실행 */

ERROR in src/services/parsing.ts:5:10
TS2614: Module '"./api"' has no exported member 'baseApi'. Did you mean to use 'import baseApi from "./api"' instead?
    3 |  * @description 견적서 업로드, 목록 조회, 상세 조회, 삭제 등
    4 |  */
  > 5 | import { baseApi } from './api';
      |          ^^^^^^^
    6 |
    7 | export const parsingAPI = {
    8 |   /** 견적서 파일 업로드 및 파싱 */

Compiling...
Failed to compile.

[eslint] 
src/App.tsx
Syntax error: JSX element 'AuthProvider' has no corresponding closing tag (33:7)
WARNING in [eslint] 
src/layouts/MainLayout.tsx
  Line 4:25:   'AccountCircle' is defined but never used          @typescript-eslint/no-unused-vars
  Line 10:17:  'logout' is assigned a value but never used        @typescript-eslint/no-unused-vars
  Line 11:9:   'sidebarWidth' is assigned a value but never used  @typescript-eslint/no-unused-vars

src/pages/Dashboard.tsx
  Line 5:27:  'useEffect' is defined but never used  @typescript-eslint/no-unused-vars

src/pages/History.tsx
  Line 7:52:  'IconButton' is defined but never used  @typescript-eslint/no-unused-vars

src/pages/Verification.tsx
  Line 9:10:   'Alert' is defined but never used           @typescript-eslint/no-unused-vars
  Line 10:24:  'LinearProgress' is defined but never used  @typescript-eslint/no-unused-vars
  Line 13:3:   'PlayArrow' is defined but never used       @typescript-eslint/no-unused-vars

ERROR in ./src/App.tsx
Module build failed (from ./node_modules/babel-loader/lib/index.js):
SyntaxError: /Users/navynam/WORK/cost-analysis-system/frontend/src/App.tsx: Unterminated JSX contents. (57:20)

  55 |         </Routes>
  56 |       </BrowserRouter>
> 57 |     </ThemeProvider>
     |                     ^
  58 |   );
  59 | }
  60 |
    at constructor (/Users/navynam/WORK/cost-analysis-system/frontend/node_modules/@babel/parser/lib/index.js:365:19)
    at TypeScriptParserMixin.raise (/Users/navynam/WORK/cost-analysis-system/frontend/node_modules/@babel/parser/lib/index.js:6599:19)
    at TypeScriptParserMixin.jsxReadToken (/Users/navynam/WORK/cost-analysis-system/frontend/node_modules/@babel/parser/lib/index.js:4448:20)
    at TypeScriptParserMixin.getTokenFromCode (/Users/navynam/WORK/cost-analysis-system/frontend/node_modules/@babel/parser/lib/index.js:4774:12)
    at TypeScriptParserMixin.getTokenFromCode (/Users/navynam/WORK/cost-analysis-system/frontend/node_modules/@babel/parser/lib/index.js:9987:11)
    at TypeScriptParserMixin.nextToken (/Users/navynam/WORK/cost-analysis-system/frontend/node_modules/@babel/parser/lib/index.js:5782:10)
    at TypeScriptParserMixin.next (/Users/navynam/WORK/cost-analysis-system/frontend/node_modules/@babel/parser/lib/index.js:5692:10)
    at TypeScriptParserMixin.eat (/Users/navynam/WORK/cost-analysis-system/frontend/node_modules/@babel/parser/lib/index.js:5696:12)
    at TypeScriptParserMixin.expect (/Users/navynam/WORK/cost-analysis-system/frontend/node_modules/@babel/parser/lib/index.js:6898:15)
    at TypeScriptParserMixin.jsxParseClosingElementAt (/Users/navynam/WORK/cost-analysis-system/frontend/node_modules/@babel/parser/lib/index.js:4680:10)
    at TypeScriptParserMixin.jsxParseElementAt (/Users/navynam/WORK/cost-analysis-system/frontend/node_modules/@babel/parser/lib/index.js:4695:37)
    at TypeScriptParserMixin.jsxParseElementAt (/Users/navynam/WORK/cost-analysis-system/frontend/node_modules/@babel/parser/lib/index.js:4698:32)
    at TypeScriptParserMixin.jsxParseElement (/Users/navynam/WORK/cost-analysis-system/frontend/node_modules/@babel/parser/lib/index.js:4749:17)
    at TypeScriptParserMixin.parseExprAtom (/Users/navynam/WORK/cost-analysis-system/frontend/node_modules/@babel/parser/lib/index.js:4759:19)
    at TypeScriptParserMixin.parseExprSubscripts (/Users/navynam/WORK/cost-analysis-system/frontend/node_modules/@babel/parser/lib/index.js:11081:23)
    at TypeScriptParserMixin.parseUpdate (/Users/navynam/WORK/cost-analysis-system/frontend/node_modules/@babel/parser/lib/index.js:11066:21)
    at TypeScriptParserMixin.parseMaybeUnary (/Users/navynam/WORK/cost-analysis-system/frontend/node_modules/@babel/parser/lib/index.js:11046:23)
    at TypeScriptParserMixin.parseMaybeUnary (/Users/navynam/WORK/cost-analysis-system/frontend/node_modules/@babel/parser/lib/index.js:9837:18)
    at TypeScriptParserMixin.parseMaybeUnaryOrPrivate (/Users/navynam/WORK/cost-analysis-system/frontend/node_modules/@babel/parser/lib/index.js:10899:61)
    at TypeScriptParserMixin.parseExprOps (/Users/navynam/WORK/cost-analysis-system/frontend/node_modules/@babel/parser/lib/index.js:10904:23)
    at TypeScriptParserMixin.parseMaybeConditional (/Users/navynam/WORK/cost-analysis-system/frontend/node_modules/@babel/parser/lib/index.js:10881:23)
    at TypeScriptParserMixin.parseMaybeAssign (/Users/navynam/WORK/cost-analysis-system/frontend/node_modules/@babel/parser/lib/index.js:10831:21)
    at /Users/navynam/WORK/cost-analysis-system/frontend/node_modules/@babel/parser/lib/index.js:9775:39
    at TypeScriptParserMixin.tryParse (/Users/navynam/WORK/cost-analysis-system/frontend/node_modules/@babel/parser/lib/index.js:6907:20)
    at TypeScriptParserMixin.parseMaybeAssign (/Users/navynam/WORK/cost-analysis-system/frontend/node_modules/@babel/parser/lib/index.js:9775:18)
    at /Users/navynam/WORK/cost-analysis-system/frontend/node_modules/@babel/parser/lib/index.js:10800:39
    at TypeScriptParserMixin.allowInAnd (/Users/navynam/WORK/cost-analysis-system/frontend/node_modules/@babel/parser/lib/index.js:12426:12)
    at TypeScriptParserMixin.parseMaybeAssignAllowIn (/Users/navynam/WORK/cost-analysis-system/frontend/node_modules/@babel/parser/lib/index.js:10800:17)
    at TypeScriptParserMixin.parseMaybeAssignAllowInOrVoidPattern (/Users/navynam/WORK/cost-analysis-system/frontend/node_modules/@babel/parser/lib/index.js:12493:17)
    at TypeScriptParserMixin.parseParenAndDistinguishExpression (/Users/navynam/WORK/cost-analysis-system/frontend/node_modules/@babel/parser/lib/index.js:11675:28)
    at TypeScriptParserMixin.parseExprAtom (/Users/navynam/WORK/cost-analysis-system/frontend/node_modules/@babel/parser/lib/index.js:11331:23)
    at TypeScriptParserMixin.parseExprAtom (/Users/navynam/WORK/cost-analysis-system/frontend/node_modules/@babel/parser/lib/index.js:4764:20)
    at TypeScriptParserMixin.parseExprSubscripts (/Users/navynam/WORK/cost-analysis-system/frontend/node_modules/@babel/parser/lib/index.js:11081:23)
    at TypeScriptParserMixin.parseUpdate (/Users/navynam/WORK/cost-analysis-system/frontend/node_modules/@babel/parser/lib/index.js:11066:21)
    at TypeScriptParserMixin.parseMaybeUnary (/Users/navynam/WORK/cost-analysis-system/frontend/node_modules/@babel/parser/lib/index.js:11046:23)
    at TypeScriptParserMixin.parseMaybeUnary (/Users/navynam/WORK/cost-analysis-system/frontend/node_modules/@babel/parser/lib/index.js:9837:18)
    at TypeScriptParserMixin.parseMaybeUnaryOrPrivate (/Users/navynam/WORK/cost-analysis-system/frontend/node_modules/@babel/parser/lib/index.js:10899:61)
    at TypeScriptParserMixin.parseExprOps (/Users/navynam/WORK/cost-analysis-system/frontend/node_modules/@babel/parser/lib/index.js:10904:23)
    at TypeScriptParserMixin.parseMaybeConditional (/Users/navynam/WORK/cost-analysis-system/frontend/node_modules/@babel/parser/lib/index.js:10881:23)
    at TypeScriptParserMixin.parseMaybeAssign (/Users/navynam/WORK/cost-analysis-system/frontend/node_modules/@babel/parser/lib/index.js:10831:21)
    at TypeScriptParserMixin.parseMaybeAssign (/Users/navynam/WORK/cost-analysis-system/frontend/node_modules/@babel/parser/lib/index.js:9786:20)
    at TypeScriptParserMixin.parseExpressionBase (/Users/navynam/WORK/cost-analysis-system/frontend/node_modules/@babel/parser/lib/index.js:10784:23)
    at /Users/navynam/WORK/cost-analysis-system/frontend/node_modules/@babel/parser/lib/index.js:10780:39
    at TypeScriptParserMixin.allowInAnd (/Users/navynam/WORK/cost-analysis-system/frontend/node_modules/@babel/parser/lib/index.js:12421:16)
    at TypeScriptParserMixin.parseExpression (/Users/navynam/WORK/cost-analysis-system/frontend/node_modules/@babel/parser/lib/index.js:10780:17)
    at TypeScriptParserMixin.parseReturnStatement (/Users/navynam/WORK/cost-analysis-system/frontend/node_modules/@babel/parser/lib/index.js:13142:28)
    at TypeScriptParserMixin.parseStatementContent (/Users/navynam/WORK/cost-analysis-system/frontend/node_modules/@babel/parser/lib/index.js:12798:21)
    at TypeScriptParserMixin.parseStatementContent (/Users/navynam/WORK/cost-analysis-system/frontend/node_modules/@babel/parser/lib/index.js:9508:18)
    at TypeScriptParserMixin.parseStatementLike (/Users/navynam/WORK/cost-analysis-system/frontend/node_modules/@babel/parser/lib/index.js:12767:17)
    at TypeScriptParserMixin.parseStatementListItem (/Users/navynam/WORK/cost-analysis-system/frontend/node_modules/@babel/parser/lib/index.js:12747:17)

ERROR in [eslint] 
src/App.tsx
  Line 33:7:  Parsing error: JSX element 'AuthProvider' has no corresponding closing tag

webpack compiled with 2 errors and 1 warning
ERROR in src/App.tsx:33:8
TS17008: JSX element 'AuthProvider' has no corresponding closing tag.
    31 |     <ThemeProvider theme={theme}>
    32 |       <CssBaseline />
  > 33 |       <AuthProvider>
       |        ^^^^^^^^^^^^
    34 |       <BrowserRouter>
    35 |         <Routes>
    36 |           <Route path="/login" element={<Login />} />

ERROR in src/pages/Verification.tsx:122:26
TS2802: Type 'Set<string>' can only be iterated through when using the '--downlevelIteration' flag or with a '--target' of 'es2015' or higher.
    120 |   };
    121 |
  > 122 |   const categories = [...new Set(results.map(r => r.category))];
        |                          ^^^^^^^^^^^^^^^^^^^^^^^^^^^^^^^^^^^^^
    123 |
    124 |   return (
    125 |     <Box sx={{ p: 3, maxWidth: 1400, mx: 'auto' }}>

ERROR in src/services/mapping.ts:5:10
TS2614: Module '"./api"' has no exported member 'mappingAxios'. Did you mean to use 'import mappingAxios from "./api"' instead?
    3 |  * @description 자동 매핑 실행, 결과 조회, 항목 수정 등
    4 |  */
  > 5 | import { mappingAxios } from './api';
      |          ^^^^^^^^^^^^
    6 |
    7 | export const mappingAPI = {
    8 |   /** 자동 매핑 실행 */

ERROR in src/services/parsing.ts:5:10
TS2614: Module '"./api"' has no exported member 'baseApi'. Did you mean to use 'import baseApi from "./api"' instead?
    3 |  * @description 견적서 업로드, 목록 조회, 상세 조회, 삭제 등
    4 |  */
  > 5 | import { baseApi } from './api';
      |          ^^^^^^^
    6 |
    7 | export const parsingAPI = {
    8 |   /** 견적서 파일 업로드 및 파싱 */

Compiling...
Failed to compile.

Attempted import error: 'mappingAxios' is not exported from './api' (imported as 'mappingAxios').
WARNING in [eslint] 
src/layouts/MainLayout.tsx
  Line 4:25:   'AccountCircle' is defined but never used          @typescript-eslint/no-unused-vars
  Line 10:17:  'logout' is assigned a value but never used        @typescript-eslint/no-unused-vars
  Line 11:9:   'sidebarWidth' is assigned a value but never used  @typescript-eslint/no-unused-vars

src/pages/Dashboard.tsx
  Line 5:27:  'useEffect' is defined but never used  @typescript-eslint/no-unused-vars

src/pages/History.tsx
  Line 7:52:  'IconButton' is defined but never used  @typescript-eslint/no-unused-vars

src/pages/Verification.tsx
  Line 9:10:   'Alert' is defined but never used           @typescript-eslint/no-unused-vars
  Line 10:24:  'LinearProgress' is defined but never used  @typescript-eslint/no-unused-vars
  Line 13:3:   'PlayArrow' is defined but never used       @typescript-eslint/no-unused-vars

ERROR in ./src/services/mapping.ts 10:25-42
export 'mappingAxios' (imported as 'mappingAxios') was not found in './api' (possible exports: default)

ERROR in ./src/services/mapping.ts 12:28-44
export 'mappingAxios' (imported as 'mappingAxios') was not found in './api' (possible exports: default)

ERROR in ./src/services/mapping.ts 14:47-63
export 'mappingAxios' (imported as 'mappingAxios') was not found in './api' (possible exports: default)

ERROR in ./src/services/parsing.ts 13:11-23
export 'baseApi' (imported as 'baseApi') was not found in './api' (possible exports: default)

ERROR in ./src/services/parsing.ts 20:26-37
export 'baseApi' (imported as 'baseApi') was not found in './api' (possible exports: default)

ERROR in ./src/services/parsing.ts 24:27-38
export 'baseApi' (imported as 'baseApi') was not found in './api' (possible exports: default)

ERROR in ./src/services/parsing.ts 26:24-38
export 'baseApi' (imported as 'baseApi') was not found in './api' (possible exports: default)

ERROR in ./src/services/parsing.ts 28:31-43
export 'baseApi' (imported as 'baseApi') was not found in './api' (possible exports: default)

webpack compiled with 8 errors and 1 warning
ERROR in src/pages/Verification.tsx:122:26
TS2802: Type 'Set<string>' can only be iterated through when using the '--downlevelIteration' flag or with a '--target' of 'es2015' or higher.
    120 |   };
    121 |
  > 122 |   const categories = [...new Set(results.map(r => r.category))];
        |                          ^^^^^^^^^^^^^^^^^^^^^^^^^^^^^^^^^^^^^
    123 |
    124 |   return (
    125 |     <Box sx={{ p: 3, maxWidth: 1400, mx: 'auto' }}>

ERROR in src/services/mapping.ts:5:10
TS2614: Module '"./api"' has no exported member 'mappingAxios'. Did you mean to use 'import mappingAxios from "./api"' instead?
    3 |  * @description 자동 매핑 실행, 결과 조회, 항목 수정 등
    4 |  */
  > 5 | import { mappingAxios } from './api';
      |          ^^^^^^^^^^^^
    6 |
    7 | export const mappingAPI = {
    8 |   /** 자동 매핑 실행 */

ERROR in src/services/parsing.ts:5:10
TS2614: Module '"./api"' has no exported member 'baseApi'. Did you mean to use 'import baseApi from "./api"' instead?
    3 |  * @description 견적서 업로드, 목록 조회, 상세 조회, 삭제 등
    4 |  */
  > 5 | import { baseApi } from './api';
      |          ^^^^^^^
    6 |
    7 | export const parsingAPI = {
    8 |   /** 견적서 파일 업로드 및 파싱 */

Compiling...
Failed to compile.

Attempted import error: 'baseApi' is not exported from './api' (imported as 'baseApi').
WARNING in [eslint] 
src/layouts/MainLayout.tsx
  Line 4:25:   'AccountCircle' is defined but never used          @typescript-eslint/no-unused-vars
  Line 10:17:  'logout' is assigned a value but never used        @typescript-eslint/no-unused-vars
  Line 11:9:   'sidebarWidth' is assigned a value but never used  @typescript-eslint/no-unused-vars

src/pages/Dashboard.tsx
  Line 5:27:  'useEffect' is defined but never used  @typescript-eslint/no-unused-vars

src/pages/History.tsx
  Line 7:52:  'IconButton' is defined but never used  @typescript-eslint/no-unused-vars

src/pages/Verification.tsx
  Line 9:10:   'Alert' is defined but never used           @typescript-eslint/no-unused-vars
  Line 10:24:  'LinearProgress' is defined but never used  @typescript-eslint/no-unused-vars
  Line 13:3:   'PlayArrow' is defined but never used       @typescript-eslint/no-unused-vars

ERROR in ./src/services/parsing.ts 13:11-23
export 'baseApi' (imported as 'baseApi') was not found in './api' (possible exports: default, mappingAxios)

ERROR in ./src/services/parsing.ts 20:26-37
export 'baseApi' (imported as 'baseApi') was not found in './api' (possible exports: default, mappingAxios)

ERROR in ./src/services/parsing.ts 24:27-38
export 'baseApi' (imported as 'baseApi') was not found in './api' (possible exports: default, mappingAxios)

ERROR in ./src/services/parsing.ts 26:24-38
export 'baseApi' (imported as 'baseApi') was not found in './api' (possible exports: default, mappingAxios)

ERROR in ./src/services/parsing.ts 28:31-43
export 'baseApi' (imported as 'baseApi') was not found in './api' (possible exports: default, mappingAxios)

webpack compiled with 5 errors and 1 warning
Files successfully emitted, waiting for typecheck results...
Issues checking in progress...
ERROR in src/pages/Verification.tsx:122:26
TS2802: Type 'Set<string>' can only be iterated through when using the '--downlevelIteration' flag or with a '--target' of 'es2015' or higher.
    120 |   };
    121 |
  > 122 |   const categories = [...new Set(results.map(r => r.category))];
        |                          ^^^^^^^^^^^^^^^^^^^^^^^^^^^^^^^^^^^^^
    123 |
    124 |   return (
    125 |     <Box sx={{ p: 3, maxWidth: 1400, mx: 'auto' }}>

ERROR in src/services/parsing.ts:5:10
TS2614: Module '"./api"' has no exported member 'baseApi'. Did you mean to use 'import baseApi from "./api"' instead?
    3 |  * @description 견적서 업로드, 목록 조회, 상세 조회, 삭제 등
    4 |  */
  > 5 | import { baseApi } from './api';
      |          ^^^^^^^
    6 |
    7 | export const parsingAPI = {
    8 |   /** 견적서 파일 업로드 및 파싱 */

Compiling...
Compiled with warnings.

[eslint] 
src/layouts/MainLayout.tsx
  Line 4:25:   'AccountCircle' is defined but never used          @typescript-eslint/no-unused-vars
  Line 10:17:  'logout' is assigned a value but never used        @typescript-eslint/no-unused-vars
  Line 11:9:   'sidebarWidth' is assigned a value but never used  @typescript-eslint/no-unused-vars

src/pages/Dashboard.tsx
  Line 5:27:  'useEffect' is defined but never used  @typescript-eslint/no-unused-vars

src/pages/History.tsx
  Line 7:52:  'IconButton' is defined but never used  @typescript-eslint/no-unused-vars

src/pages/Verification.tsx
  Line 9:10:   'Alert' is defined but never used           @typescript-eslint/no-unused-vars
  Line 10:24:  'LinearProgress' is defined but never used  @typescript-eslint/no-unused-vars
  Line 13:3:   'PlayArrow' is defined but never used       @typescript-eslint/no-unused-vars

Search for the keywords to learn more about each warning.
To ignore, add // eslint-disable-next-line to the line before.

WARNING in [eslint] 
src/layouts/MainLayout.tsx
  Line 4:25:   'AccountCircle' is defined but never used          @typescript-eslint/no-unused-vars
  Line 10:17:  'logout' is assigned a value but never used        @typescript-eslint/no-unused-vars
  Line 11:9:   'sidebarWidth' is assigned a value but never used  @typescript-eslint/no-unused-vars

src/pages/Dashboard.tsx
  Line 5:27:  'useEffect' is defined but never used  @typescript-eslint/no-unused-vars

src/pages/History.tsx
  Line 7:52:  'IconButton' is defined but never used  @typescript-eslint/no-unused-vars

src/pages/Verification.tsx
  Line 9:10:   'Alert' is defined but never used           @typescript-eslint/no-unused-vars
  Line 10:24:  'LinearProgress' is defined but never used  @typescript-eslint/no-unused-vars
  Line 13:3:   'PlayArrow' is defined but never used       @typescript-eslint/no-unused-vars

webpack compiled with 1 warning
Files successfully emitted, waiting for typecheck results...
Issues checking in progress...
ERROR in src/pages/Verification.tsx:122:26
TS2802: Type 'Set<string>' can only be iterated through when using the '--downlevelIteration' flag or with a '--target' of 'es2015' or higher.
    120 |   };
    121 |
  > 122 |   const categories = [...new Set(results.map(r => r.category))];
        |                          ^^^^^^^^^^^^^^^^^^^^^^^^^^^^^^^^^^^^^
    123 |
    124 |   return (
    125 |     <Box sx={{ p: 3, maxWidth: 1400, mx: 'auto' }}>

Compiling...
Compiled with warnings.

[eslint] 
src/layouts/MainLayout.tsx
  Line 4:25:   'AccountCircle' is defined but never used          @typescript-eslint/no-unused-vars
  Line 10:17:  'logout' is assigned a value but never used        @typescript-eslint/no-unused-vars
  Line 11:9:   'sidebarWidth' is assigned a value but never used  @typescript-eslint/no-unused-vars

src/pages/Dashboard.tsx
  Line 5:27:  'useEffect' is defined but never used  @typescript-eslint/no-unused-vars

src/pages/History.tsx
  Line 7:52:  'IconButton' is defined but never used  @typescript-eslint/no-unused-vars

src/pages/Verification.tsx
  Line 9:10:   'Alert' is defined but never used           @typescript-eslint/no-unused-vars
  Line 10:24:  'LinearProgress' is defined but never used  @typescript-eslint/no-unused-vars
  Line 13:3:   'PlayArrow' is defined but never used       @typescript-eslint/no-unused-vars

Search for the keywords to learn more about each warning.
To ignore, add // eslint-disable-next-line to the line before.

WARNING in [eslint] 
src/layouts/MainLayout.tsx
  Line 4:25:   'AccountCircle' is defined but never used          @typescript-eslint/no-unused-vars
  Line 10:17:  'logout' is assigned a value but never used        @typescript-eslint/no-unused-vars
  Line 11:9:   'sidebarWidth' is assigned a value but never used  @typescript-eslint/no-unused-vars

src/pages/Dashboard.tsx
  Line 5:27:  'useEffect' is defined but never used  @typescript-eslint/no-unused-vars

src/pages/History.tsx
  Line 7:52:  'IconButton' is defined but never used  @typescript-eslint/no-unused-vars

src/pages/Verification.tsx
  Line 9:10:   'Alert' is defined but never used           @typescript-eslint/no-unused-vars
  Line 10:24:  'LinearProgress' is defined but never used  @typescript-eslint/no-unused-vars
  Line 13:3:   'PlayArrow' is defined but never used       @typescript-eslint/no-unused-vars

webpack compiled with 1 warning
No issues found.
Compiling...
Compiled with warnings.

[eslint] 
src/layouts/MainLayout.tsx
  Line 4:25:   'AccountCircle' is defined but never used          @typescript-eslint/no-unused-vars
  Line 10:17:  'logout' is assigned a value but never used        @typescript-eslint/no-unused-vars
  Line 11:9:   'sidebarWidth' is assigned a value but never used  @typescript-eslint/no-unused-vars

src/pages/Dashboard.tsx
  Line 5:27:  'useEffect' is defined but never used  @typescript-eslint/no-unused-vars

src/pages/History.tsx
  Line 7:52:  'IconButton' is defined but never used  @typescript-eslint/no-unused-vars

src/pages/Verification.tsx
  Line 9:10:   'Alert' is defined but never used           @typescript-eslint/no-unused-vars
  Line 10:24:  'LinearProgress' is defined but never used  @typescript-eslint/no-unused-vars
  Line 13:3:   'PlayArrow' is defined but never used       @typescript-eslint/no-unused-vars

Search for the keywords to learn more about each warning.
To ignore, add // eslint-disable-next-line to the line before.

WARNING in [eslint] 
src/layouts/MainLayout.tsx
  Line 4:25:   'AccountCircle' is defined but never used          @typescript-eslint/no-unused-vars
  Line 10:17:  'logout' is assigned a value but never used        @typescript-eslint/no-unused-vars
  Line 11:9:   'sidebarWidth' is assigned a value but never used  @typescript-eslint/no-unused-vars

src/pages/Dashboard.tsx
  Line 5:27:  'useEffect' is defined but never used  @typescript-eslint/no-unused-vars

src/pages/History.tsx
  Line 7:52:  'IconButton' is defined but never used  @typescript-eslint/no-unused-vars

src/pages/Verification.tsx
  Line 9:10:   'Alert' is defined but never used           @typescript-eslint/no-unused-vars
  Line 10:24:  'LinearProgress' is defined but never used  @typescript-eslint/no-unused-vars
  Line 13:3:   'PlayArrow' is defined but never used       @typescript-eslint/no-unused-vars

webpack compiled with 1 warning
No issues found.
Compiling...
Compiled with warnings.

[eslint] 
src/layouts/MainLayout.tsx
  Line 4:25:   'AccountCircle' is defined but never used          @typescript-eslint/no-unused-vars
  Line 10:17:  'logout' is assigned a value but never used        @typescript-eslint/no-unused-vars
  Line 11:9:   'sidebarWidth' is assigned a value but never used  @typescript-eslint/no-unused-vars

src/pages/Dashboard.tsx
  Line 5:27:  'useEffect' is defined but never used  @typescript-eslint/no-unused-vars

src/pages/History.tsx
  Line 7:52:  'IconButton' is defined but never used  @typescript-eslint/no-unused-vars

src/pages/Parsing.tsx
  Line 5:48:   'useEffect' is defined but never used             @typescript-eslint/no-unused-vars
  Line 8:28:   'Alert' is defined but never used                 @typescript-eslint/no-unused-vars
  Line 103:9:  'currentFile' is assigned a value but never used  @typescript-eslint/no-unused-vars

src/pages/Verification.tsx
  Line 9:10:   'Alert' is defined but never used           @typescript-eslint/no-unused-vars
  Line 10:24:  'LinearProgress' is defined but never used  @typescript-eslint/no-unused-vars
  Line 13:3:   'PlayArrow' is defined but never used       @typescript-eslint/no-unused-vars

Search for the keywords to learn more about each warning.
To ignore, add // eslint-disable-next-line to the line before.

WARNING in [eslint] 
src/layouts/MainLayout.tsx
  Line 4:25:   'AccountCircle' is defined but never used          @typescript-eslint/no-unused-vars
  Line 10:17:  'logout' is assigned a value but never used        @typescript-eslint/no-unused-vars
  Line 11:9:   'sidebarWidth' is assigned a value but never used  @typescript-eslint/no-unused-vars

src/pages/Dashboard.tsx
  Line 5:27:  'useEffect' is defined but never used  @typescript-eslint/no-unused-vars

src/pages/History.tsx
  Line 7:52:  'IconButton' is defined but never used  @typescript-eslint/no-unused-vars

src/pages/Parsing.tsx
  Line 5:48:   'useEffect' is defined but never used             @typescript-eslint/no-unused-vars
  Line 8:28:   'Alert' is defined but never used                 @typescript-eslint/no-unused-vars
  Line 103:9:  'currentFile' is assigned a value but never used  @typescript-eslint/no-unused-vars

src/pages/Verification.tsx
  Line 9:10:   'Alert' is defined but never used           @typescript-eslint/no-unused-vars
  Line 10:24:  'LinearProgress' is defined but never used  @typescript-eslint/no-unused-vars
  Line 13:3:   'PlayArrow' is defined but never used       @typescript-eslint/no-unused-vars

webpack compiled with 1 warning
ERROR in src/pages/Parsing.tsx:229:15
TS2769: No overload matches this call.
  Overload 1 of 2, '(props: { component: ElementType<any, keyof IntrinsicElements>; } & GridBaseProps & { sx?: SxProps<Theme> | undefined; } & SystemProps<...> & Omit<...>): Element | null', gave the following error.
    Property 'component' is missing in type '{ children: Element; item: true; xs: number; sm: number; }' but required in type '{ component: ElementType<any, keyof IntrinsicElements>; }'.
  Overload 2 of 2, '(props: DefaultComponentProps<GridTypeMap<{}, "div">>): Element | null', gave the following error.
    Type '{ children: Element; item: true; xs: number; sm: number; }' is not assignable to type 'IntrinsicAttributes & GridBaseProps & { sx?: SxProps<Theme> | undefined; } & SystemProps<Theme> & Omit<...>'.
      Property 'item' does not exist on type 'IntrinsicAttributes & GridBaseProps & { sx?: SxProps<Theme> | undefined; } & SystemProps<Theme> & Omit<...>'.
    227 |
    228 |             <Grid container spacing={2} sx={{ mb: 2 }}>
  > 229 |               <Grid item xs={6} sm={3}>
        |               ^^^^^^^^^^^^^^^^^^^^^^^^^
    230 |                 <Card variant="outlined" sx={{ textAlign: 'center', bgcolor: '#fff' }}>
    231 |                   <CardContent sx={{ py: 2, '&:last-child': { pb: 2 } }}>
    232 |                     <Typography variant="h3" fontWeight={700} color="#003875">{mockSummary.sheets}</Typography>

ERROR in src/pages/Parsing.tsx:237:15
TS2769: No overload matches this call.
  Overload 1 of 2, '(props: { component: ElementType<any, keyof IntrinsicElements>; } & GridBaseProps & { sx?: SxProps<Theme> | undefined; } & SystemProps<...> & Omit<...>): Element | null', gave the following error.
    Property 'component' is missing in type '{ children: Element; item: true; xs: number; sm: number; }' but required in type '{ component: ElementType<any, keyof IntrinsicElements>; }'.
  Overload 2 of 2, '(props: DefaultComponentProps<GridTypeMap<{}, "div">>): Element | null', gave the following error.
    Type '{ children: Element; item: true; xs: number; sm: number; }' is not assignable to type 'IntrinsicAttributes & GridBaseProps & { sx?: SxProps<Theme> | undefined; } & SystemProps<Theme> & Omit<...>'.
      Property 'item' does not exist on type 'IntrinsicAttributes & GridBaseProps & { sx?: SxProps<Theme> | undefined; } & SystemProps<Theme> & Omit<...>'.
    235 |                 </Card>
    236 |               </Grid>
  > 237 |               <Grid item xs={6} sm={3}>
        |               ^^^^^^^^^^^^^^^^^^^^^^^^^
    238 |                 <Card variant="outlined" sx={{ textAlign: 'center', bgcolor: '#fff' }}>
    239 |                   <CardContent sx={{ py: 2, '&:last-child': { pb: 2 } }}>
    240 |                     <Typography variant="h3" fontWeight={700} color="#003875">{mockSummary.parts}</Typography>

ERROR in src/pages/Parsing.tsx:245:15
TS2769: No overload matches this call.
  Overload 1 of 2, '(props: { component: ElementType<any, keyof IntrinsicElements>; } & GridBaseProps & { sx?: SxProps<Theme> | undefined; } & SystemProps<...> & Omit<...>): Element | null', gave the following error.
    Property 'component' is missing in type '{ children: Element; item: true; xs: number; sm: number; }' but required in type '{ component: ElementType<any, keyof IntrinsicElements>; }'.
  Overload 2 of 2, '(props: DefaultComponentProps<GridTypeMap<{}, "div">>): Element | null', gave the following error.
    Type '{ children: Element; item: true; xs: number; sm: number; }' is not assignable to type 'IntrinsicAttributes & GridBaseProps & { sx?: SxProps<Theme> | undefined; } & SystemProps<Theme> & Omit<...>'.
      Property 'item' does not exist on type 'IntrinsicAttributes & GridBaseProps & { sx?: SxProps<Theme> | undefined; } & SystemProps<Theme> & Omit<...>'.
    243 |                 </Card>
    244 |               </Grid>
  > 245 |               <Grid item xs={6} sm={3}>
        |               ^^^^^^^^^^^^^^^^^^^^^^^^^
    246 |                 <Card variant="outlined" sx={{ textAlign: 'center', bgcolor: '#fff' }}>
    247 |                   <CardContent sx={{ py: 2, '&:last-child': { pb: 2 } }}>
    248 |                     <Typography variant="h3" fontWeight={700} color="#003875">{mockSummary.sections.length}</Typography>

ERROR in src/pages/Parsing.tsx:253:15
TS2769: No overload matches this call.
  Overload 1 of 2, '(props: { component: ElementType<any, keyof IntrinsicElements>; } & GridBaseProps & { sx?: SxProps<Theme> | undefined; } & SystemProps<...> & Omit<...>): Element | null', gave the following error.
    Property 'component' is missing in type '{ children: Element; item: true; xs: number; sm: number; }' but required in type '{ component: ElementType<any, keyof IntrinsicElements>; }'.
  Overload 2 of 2, '(props: DefaultComponentProps<GridTypeMap<{}, "div">>): Element | null', gave the following error.
    Type '{ children: Element; item: true; xs: number; sm: number; }' is not assignable to type 'IntrinsicAttributes & GridBaseProps & { sx?: SxProps<Theme> | undefined; } & SystemProps<Theme> & Omit<...>'.
      Property 'item' does not exist on type 'IntrinsicAttributes & GridBaseProps & { sx?: SxProps<Theme> | undefined; } & SystemProps<Theme> & Omit<...>'.
    251 |                 </Card>
    252 |               </Grid>
  > 253 |               <Grid item xs={6} sm={3}>
        |               ^^^^^^^^^^^^^^^^^^^^^^^^^
    254 |                 <Card variant="outlined" sx={{ textAlign: 'center', bgcolor: '#fff' }}>
    255 |                   <CardContent sx={{ py: 2, '&:last-child': { pb: 2 } }}>
    256 |                     <Typography variant="h3" fontWeight={700} color="#003875">3</Typography>

Compiling...
Compiled with warnings.

[eslint] 
src/layouts/MainLayout.tsx
  Line 4:25:   'AccountCircle' is defined but never used          @typescript-eslint/no-unused-vars
  Line 10:17:  'logout' is assigned a value but never used        @typescript-eslint/no-unused-vars
  Line 11:9:   'sidebarWidth' is assigned a value but never used  @typescript-eslint/no-unused-vars

src/pages/Dashboard.tsx
  Line 5:27:  'useEffect' is defined but never used  @typescript-eslint/no-unused-vars

src/pages/History.tsx
  Line 7:52:  'IconButton' is defined but never used  @typescript-eslint/no-unused-vars

src/pages/ParsedDataReview.tsx
  Line 10:10:  'Divider' is defined but never used      @typescript-eslint/no-unused-vars
  Line 10:19:  'Card' is defined but never used         @typescript-eslint/no-unused-vars
  Line 10:25:  'CardContent' is defined but never used  @typescript-eslint/no-unused-vars

src/pages/Parsing.tsx
  Line 5:48:   'useEffect' is defined but never used             @typescript-eslint/no-unused-vars
  Line 8:28:   'Alert' is defined but never used                 @typescript-eslint/no-unused-vars
  Line 103:9:  'currentFile' is assigned a value but never used  @typescript-eslint/no-unused-vars

src/pages/Verification.tsx
  Line 9:10:   'Alert' is defined but never used           @typescript-eslint/no-unused-vars
  Line 10:24:  'LinearProgress' is defined but never used  @typescript-eslint/no-unused-vars
  Line 13:3:   'PlayArrow' is defined but never used       @typescript-eslint/no-unused-vars

Search for the keywords to learn more about each warning.
To ignore, add // eslint-disable-next-line to the line before.

WARNING in [eslint] 
src/layouts/MainLayout.tsx
  Line 4:25:   'AccountCircle' is defined but never used          @typescript-eslint/no-unused-vars
  Line 10:17:  'logout' is assigned a value but never used        @typescript-eslint/no-unused-vars
  Line 11:9:   'sidebarWidth' is assigned a value but never used  @typescript-eslint/no-unused-vars

src/pages/Dashboard.tsx
  Line 5:27:  'useEffect' is defined but never used  @typescript-eslint/no-unused-vars

src/pages/History.tsx
  Line 7:52:  'IconButton' is defined but never used  @typescript-eslint/no-unused-vars

src/pages/ParsedDataReview.tsx
  Line 10:10:  'Divider' is defined but never used      @typescript-eslint/no-unused-vars
  Line 10:19:  'Card' is defined but never used         @typescript-eslint/no-unused-vars
  Line 10:25:  'CardContent' is defined but never used  @typescript-eslint/no-unused-vars

src/pages/Parsing.tsx
  Line 5:48:   'useEffect' is defined but never used             @typescript-eslint/no-unused-vars
  Line 8:28:   'Alert' is defined but never used                 @typescript-eslint/no-unused-vars
  Line 103:9:  'currentFile' is assigned a value but never used  @typescript-eslint/no-unused-vars

src/pages/Verification.tsx
  Line 9:10:   'Alert' is defined but never used           @typescript-eslint/no-unused-vars
  Line 10:24:  'LinearProgress' is defined but never used  @typescript-eslint/no-unused-vars
  Line 13:3:   'PlayArrow' is defined but never used       @typescript-eslint/no-unused-vars

webpack compiled with 1 warning
ERROR in src/pages/ParsedDataReview.tsx:158:9
TS2769: No overload matches this call.
  Overload 1 of 2, '(props: { component: ElementType<any, keyof IntrinsicElements>; } & GridBaseProps & { sx?: SxProps<Theme> | undefined; } & SystemProps<...> & Omit<...>): Element | null', gave the following error.
    Property 'component' is missing in type '{ children: Element; item: true; xs: number; md: number; }' but required in type '{ component: ElementType<any, keyof IntrinsicElements>; }'.
  Overload 2 of 2, '(props: DefaultComponentProps<GridTypeMap<{}, "div">>): Element | null', gave the following error.
    Type '{ children: Element; item: true; xs: number; md: number; }' is not assignable to type 'IntrinsicAttributes & GridBaseProps & { sx?: SxProps<Theme> | undefined; } & SystemProps<Theme> & Omit<...>'.
      Property 'item' does not exist on type 'IntrinsicAttributes & GridBaseProps & { sx?: SxProps<Theme> | undefined; } & SystemProps<Theme> & Omit<...>'.
    156 |       <Grid container spacing={2} sx={{ mb: 3 }}>
    157 |         {/* 좌: 원본 데이터 */}
  > 158 |         <Grid item xs={12} md={6}>
        |         ^^^^^^^^^^^^^^^^^^^^^^^^^^
    159 |           <Paper sx={{ p: 2, borderRadius: 2, height: '100%' }}>
    160 |             <Typography variant="subtitle2" fontWeight={700} sx={{ mb: 1.5, color: '#003875' }}>
    161 |               📄 원본 데이터 (셀 위치)

ERROR in src/pages/ParsedDataReview.tsx:203:9
TS2769: No overload matches this call.
  Overload 1 of 2, '(props: { component: ElementType<any, keyof IntrinsicElements>; } & GridBaseProps & { sx?: SxProps<Theme> | undefined; } & SystemProps<...> & Omit<...>): Element | null', gave the following error.
    Property 'component' is missing in type '{ children: Element; item: true; xs: number; md: number; }' but required in type '{ component: ElementType<any, keyof IntrinsicElements>; }'.
  Overload 2 of 2, '(props: DefaultComponentProps<GridTypeMap<{}, "div">>): Element | null', gave the following error.
    Type '{ children: Element; item: true; xs: number; md: number; }' is not assignable to type 'IntrinsicAttributes & GridBaseProps & { sx?: SxProps<Theme> | undefined; } & SystemProps<Theme> & Omit<...>'.
      Property 'item' does not exist on type 'IntrinsicAttributes & GridBaseProps & { sx?: SxProps<Theme> | undefined; } & SystemProps<Theme> & Omit<...>'.
    201 |
    202 |         {/* 우: 구조화 트리/아코디언 */}
  > 203 |         <Grid item xs={12} md={6}>
        |         ^^^^^^^^^^^^^^^^^^^^^^^^^^
    204 |           <Paper sx={{ p: 2, borderRadius: 2, height: '100%' }}>
    205 |             <Typography variant="subtitle2" fontWeight={700} sx={{ mb: 1.5, color: '#003875' }}>
    206 |               🏗️ 구조화된 데이터 (섹션별)

ERROR in src/pages/Parsing.tsx:229:15
TS2769: No overload matches this call.
  Overload 1 of 2, '(props: { component: ElementType<any, keyof IntrinsicElements>; } & GridBaseProps & { sx?: SxProps<Theme> | undefined; } & SystemProps<...> & Omit<...>): Element | null', gave the following error.
    Property 'component' is missing in type '{ children: Element; item: true; xs: number; sm: number; }' but required in type '{ component: ElementType<any, keyof IntrinsicElements>; }'.
  Overload 2 of 2, '(props: DefaultComponentProps<GridTypeMap<{}, "div">>): Element | null', gave the following error.
    Type '{ children: Element; item: true; xs: number; sm: number; }' is not assignable to type 'IntrinsicAttributes & GridBaseProps & { sx?: SxProps<Theme> | undefined; } & SystemProps<Theme> & Omit<...>'.
      Property 'item' does not exist on type 'IntrinsicAttributes & GridBaseProps & { sx?: SxProps<Theme> | undefined; } & SystemProps<Theme> & Omit<...>'.
    227 |
    228 |             <Grid container spacing={2} sx={{ mb: 2 }}>
  > 229 |               <Grid item xs={6} sm={3}>
        |               ^^^^^^^^^^^^^^^^^^^^^^^^^
    230 |                 <Card variant="outlined" sx={{ textAlign: 'center', bgcolor: '#fff' }}>
    231 |                   <CardContent sx={{ py: 2, '&:last-child': { pb: 2 } }}>
    232 |                     <Typography variant="h3" fontWeight={700} color="#003875">{mockSummary.sheets}</Typography>

ERROR in src/pages/Parsing.tsx:237:15
TS2769: No overload matches this call.
  Overload 1 of 2, '(props: { component: ElementType<any, keyof IntrinsicElements>; } & GridBaseProps & { sx?: SxProps<Theme> | undefined; } & SystemProps<...> & Omit<...>): Element | null', gave the following error.
    Property 'component' is missing in type '{ children: Element; item: true; xs: number; sm: number; }' but required in type '{ component: ElementType<any, keyof IntrinsicElements>; }'.
  Overload 2 of 2, '(props: DefaultComponentProps<GridTypeMap<{}, "div">>): Element | null', gave the following error.
    Type '{ children: Element; item: true; xs: number; sm: number; }' is not assignable to type 'IntrinsicAttributes & GridBaseProps & { sx?: SxProps<Theme> | undefined; } & SystemProps<Theme> & Omit<...>'.
      Property 'item' does not exist on type 'IntrinsicAttributes & GridBaseProps & { sx?: SxProps<Theme> | undefined; } & SystemProps<Theme> & Omit<...>'.
    235 |                 </Card>
    236 |               </Grid>
  > 237 |               <Grid item xs={6} sm={3}>
        |               ^^^^^^^^^^^^^^^^^^^^^^^^^
    238 |                 <Card variant="outlined" sx={{ textAlign: 'center', bgcolor: '#fff' }}>
    239 |                   <CardContent sx={{ py: 2, '&:last-child': { pb: 2 } }}>
    240 |                     <Typography variant="h3" fontWeight={700} color="#003875">{mockSummary.parts}</Typography>

ERROR in src/pages/Parsing.tsx:245:15
TS2769: No overload matches this call.
  Overload 1 of 2, '(props: { component: ElementType<any, keyof IntrinsicElements>; } & GridBaseProps & { sx?: SxProps<Theme> | undefined; } & SystemProps<...> & Omit<...>): Element | null', gave the following error.
    Property 'component' is missing in type '{ children: Element; item: true; xs: number; sm: number; }' but required in type '{ component: ElementType<any, keyof IntrinsicElements>; }'.
  Overload 2 of 2, '(props: DefaultComponentProps<GridTypeMap<{}, "div">>): Element | null', gave the following error.
    Type '{ children: Element; item: true; xs: number; sm: number; }' is not assignable to type 'IntrinsicAttributes & GridBaseProps & { sx?: SxProps<Theme> | undefined; } & SystemProps<Theme> & Omit<...>'.
      Property 'item' does not exist on type 'IntrinsicAttributes & GridBaseProps & { sx?: SxProps<Theme> | undefined; } & SystemProps<Theme> & Omit<...>'.
    243 |                 </Card>
    244 |               </Grid>
  > 245 |               <Grid item xs={6} sm={3}>
        |               ^^^^^^^^^^^^^^^^^^^^^^^^^
    246 |                 <Card variant="outlined" sx={{ textAlign: 'center', bgcolor: '#fff' }}>
    247 |                   <CardContent sx={{ py: 2, '&:last-child': { pb: 2 } }}>
    248 |                     <Typography variant="h3" fontWeight={700} color="#003875">{mockSummary.sections.length}</Typography>

ERROR in src/pages/Parsing.tsx:253:15
TS2769: No overload matches this call.
  Overload 1 of 2, '(props: { component: ElementType<any, keyof IntrinsicElements>; } & GridBaseProps & { sx?: SxProps<Theme> | undefined; } & SystemProps<...> & Omit<...>): Element | null', gave the following error.
    Property 'component' is missing in type '{ children: Element; item: true; xs: number; sm: number; }' but required in type '{ component: ElementType<any, keyof IntrinsicElements>; }'.
  Overload 2 of 2, '(props: DefaultComponentProps<GridTypeMap<{}, "div">>): Element | null', gave the following error.
    Type '{ children: Element; item: true; xs: number; sm: number; }' is not assignable to type 'IntrinsicAttributes & GridBaseProps & { sx?: SxProps<Theme> | undefined; } & SystemProps<Theme> & Omit<...>'.
      Property 'item' does not exist on type 'IntrinsicAttributes & GridBaseProps & { sx?: SxProps<Theme> | undefined; } & SystemProps<Theme> & Omit<...>'.
    251 |                 </Card>
    252 |               </Grid>
  > 253 |               <Grid item xs={6} sm={3}>
        |               ^^^^^^^^^^^^^^^^^^^^^^^^^
    254 |                 <Card variant="outlined" sx={{ textAlign: 'center', bgcolor: '#fff' }}>
    255 |                   <CardContent sx={{ py: 2, '&:last-child': { pb: 2 } }}>
    256 |                     <Typography variant="h3" fontWeight={700} color="#003875">3</Typography>

Compiling...
Compiled with warnings.

[eslint] 
src/layouts/MainLayout.tsx
  Line 4:25:   'AccountCircle' is defined but never used          @typescript-eslint/no-unused-vars
  Line 10:17:  'logout' is assigned a value but never used        @typescript-eslint/no-unused-vars
  Line 11:9:   'sidebarWidth' is assigned a value but never used  @typescript-eslint/no-unused-vars

src/pages/Dashboard.tsx
  Line 5:27:  'useEffect' is defined but never used  @typescript-eslint/no-unused-vars

src/pages/History.tsx
  Line 7:52:  'IconButton' is defined but never used  @typescript-eslint/no-unused-vars

src/pages/ParsedDataReview.tsx
  Line 10:10:  'Divider' is defined but never used      @typescript-eslint/no-unused-vars
  Line 10:19:  'Card' is defined but never used         @typescript-eslint/no-unused-vars
  Line 10:25:  'CardContent' is defined but never used  @typescript-eslint/no-unused-vars

src/pages/Parsing.tsx
  Line 5:48:   'useEffect' is defined but never used             @typescript-eslint/no-unused-vars
  Line 8:28:   'Alert' is defined but never used                 @typescript-eslint/no-unused-vars
  Line 103:9:  'currentFile' is assigned a value but never used  @typescript-eslint/no-unused-vars

src/pages/Verification.tsx
  Line 9:3:   'Alert' is defined but never used    @typescript-eslint/no-unused-vars
  Line 9:20:  'Divider' is defined but never used  @typescript-eslint/no-unused-vars
  Line 9:29:  'Tooltip' is defined but never used  @typescript-eslint/no-unused-vars

Search for the keywords to learn more about each warning.
To ignore, add // eslint-disable-next-line to the line before.

WARNING in [eslint] 
src/layouts/MainLayout.tsx
  Line 4:25:   'AccountCircle' is defined but never used          @typescript-eslint/no-unused-vars
  Line 10:17:  'logout' is assigned a value but never used        @typescript-eslint/no-unused-vars
  Line 11:9:   'sidebarWidth' is assigned a value but never used  @typescript-eslint/no-unused-vars

src/pages/Dashboard.tsx
  Line 5:27:  'useEffect' is defined but never used  @typescript-eslint/no-unused-vars

src/pages/History.tsx
  Line 7:52:  'IconButton' is defined but never used  @typescript-eslint/no-unused-vars

src/pages/ParsedDataReview.tsx
  Line 10:10:  'Divider' is defined but never used      @typescript-eslint/no-unused-vars
  Line 10:19:  'Card' is defined but never used         @typescript-eslint/no-unused-vars
  Line 10:25:  'CardContent' is defined but never used  @typescript-eslint/no-unused-vars

src/pages/Parsing.tsx
  Line 5:48:   'useEffect' is defined but never used             @typescript-eslint/no-unused-vars
  Line 8:28:   'Alert' is defined but never used                 @typescript-eslint/no-unused-vars
  Line 103:9:  'currentFile' is assigned a value but never used  @typescript-eslint/no-unused-vars

src/pages/Verification.tsx
  Line 9:3:   'Alert' is defined but never used    @typescript-eslint/no-unused-vars
  Line 9:20:  'Divider' is defined but never used  @typescript-eslint/no-unused-vars
  Line 9:29:  'Tooltip' is defined but never used  @typescript-eslint/no-unused-vars

webpack compiled with 1 warning
ERROR in src/pages/ParsedDataReview.tsx:158:9
TS2769: No overload matches this call.
  Overload 1 of 2, '(props: { component: ElementType<any, keyof IntrinsicElements>; } & GridBaseProps & { sx?: SxProps<Theme> | undefined; } & SystemProps<...> & Omit<...>): Element | null', gave the following error.
    Property 'component' is missing in type '{ children: Element; item: true; xs: number; md: number; }' but required in type '{ component: ElementType<any, keyof IntrinsicElements>; }'.
  Overload 2 of 2, '(props: DefaultComponentProps<GridTypeMap<{}, "div">>): Element | null', gave the following error.
    Type '{ children: Element; item: true; xs: number; md: number; }' is not assignable to type 'IntrinsicAttributes & GridBaseProps & { sx?: SxProps<Theme> | undefined; } & SystemProps<Theme> & Omit<...>'.
      Property 'item' does not exist on type 'IntrinsicAttributes & GridBaseProps & { sx?: SxProps<Theme> | undefined; } & SystemProps<Theme> & Omit<...>'.
    156 |       <Grid container spacing={2} sx={{ mb: 3 }}>
    157 |         {/* 좌: 원본 데이터 */}
  > 158 |         <Grid item xs={12} md={6}>
        |         ^^^^^^^^^^^^^^^^^^^^^^^^^^
    159 |           <Paper sx={{ p: 2, borderRadius: 2, height: '100%' }}>
    160 |             <Typography variant="subtitle2" fontWeight={700} sx={{ mb: 1.5, color: '#003875' }}>
    161 |               📄 원본 데이터 (셀 위치)

ERROR in src/pages/ParsedDataReview.tsx:203:9
TS2769: No overload matches this call.
  Overload 1 of 2, '(props: { component: ElementType<any, keyof IntrinsicElements>; } & GridBaseProps & { sx?: SxProps<Theme> | undefined; } & SystemProps<...> & Omit<...>): Element | null', gave the following error.
    Property 'component' is missing in type '{ children: Element; item: true; xs: number; md: number; }' but required in type '{ component: ElementType<any, keyof IntrinsicElements>; }'.
  Overload 2 of 2, '(props: DefaultComponentProps<GridTypeMap<{}, "div">>): Element | null', gave the following error.
    Type '{ children: Element; item: true; xs: number; md: number; }' is not assignable to type 'IntrinsicAttributes & GridBaseProps & { sx?: SxProps<Theme> | undefined; } & SystemProps<Theme> & Omit<...>'.
      Property 'item' does not exist on type 'IntrinsicAttributes & GridBaseProps & { sx?: SxProps<Theme> | undefined; } & SystemProps<Theme> & Omit<...>'.
    201 |
    202 |         {/* 우: 구조화 트리/아코디언 */}
  > 203 |         <Grid item xs={12} md={6}>
        |         ^^^^^^^^^^^^^^^^^^^^^^^^^^
    204 |           <Paper sx={{ p: 2, borderRadius: 2, height: '100%' }}>
    205 |             <Typography variant="subtitle2" fontWeight={700} sx={{ mb: 1.5, color: '#003875' }}>
    206 |               🏗️ 구조화된 데이터 (섹션별)

ERROR in src/pages/Parsing.tsx:229:15
TS2769: No overload matches this call.
  Overload 1 of 2, '(props: { component: ElementType<any, keyof IntrinsicElements>; } & GridBaseProps & { sx?: SxProps<Theme> | undefined; } & SystemProps<...> & Omit<...>): Element | null', gave the following error.
    Property 'component' is missing in type '{ children: Element; item: true; xs: number; sm: number; }' but required in type '{ component: ElementType<any, keyof IntrinsicElements>; }'.
  Overload 2 of 2, '(props: DefaultComponentProps<GridTypeMap<{}, "div">>): Element | null', gave the following error.
    Type '{ children: Element; item: true; xs: number; sm: number; }' is not assignable to type 'IntrinsicAttributes & GridBaseProps & { sx?: SxProps<Theme> | undefined; } & SystemProps<Theme> & Omit<...>'.
      Property 'item' does not exist on type 'IntrinsicAttributes & GridBaseProps & { sx?: SxProps<Theme> | undefined; } & SystemProps<Theme> & Omit<...>'.
    227 |
    228 |             <Grid container spacing={2} sx={{ mb: 2 }}>
  > 229 |               <Grid item xs={6} sm={3}>
        |               ^^^^^^^^^^^^^^^^^^^^^^^^^
    230 |                 <Card variant="outlined" sx={{ textAlign: 'center', bgcolor: '#fff' }}>
    231 |                   <CardContent sx={{ py: 2, '&:last-child': { pb: 2 } }}>
    232 |                     <Typography variant="h3" fontWeight={700} color="#003875">{mockSummary.sheets}</Typography>

ERROR in src/pages/Parsing.tsx:237:15
TS2769: No overload matches this call.
  Overload 1 of 2, '(props: { component: ElementType<any, keyof IntrinsicElements>; } & GridBaseProps & { sx?: SxProps<Theme> | undefined; } & SystemProps<...> & Omit<...>): Element | null', gave the following error.
    Property 'component' is missing in type '{ children: Element; item: true; xs: number; sm: number; }' but required in type '{ component: ElementType<any, keyof IntrinsicElements>; }'.
  Overload 2 of 2, '(props: DefaultComponentProps<GridTypeMap<{}, "div">>): Element | null', gave the following error.
    Type '{ children: Element; item: true; xs: number; sm: number; }' is not assignable to type 'IntrinsicAttributes & GridBaseProps & { sx?: SxProps<Theme> | undefined; } & SystemProps<Theme> & Omit<...>'.
      Property 'item' does not exist on type 'IntrinsicAttributes & GridBaseProps & { sx?: SxProps<Theme> | undefined; } & SystemProps<Theme> & Omit<...>'.
    235 |                 </Card>
    236 |               </Grid>
  > 237 |               <Grid item xs={6} sm={3}>
        |               ^^^^^^^^^^^^^^^^^^^^^^^^^
    238 |                 <Card variant="outlined" sx={{ textAlign: 'center', bgcolor: '#fff' }}>
    239 |                   <CardContent sx={{ py: 2, '&:last-child': { pb: 2 } }}>
    240 |                     <Typography variant="h3" fontWeight={700} color="#003875">{mockSummary.parts}</Typography>

ERROR in src/pages/Parsing.tsx:245:15
TS2769: No overload matches this call.
  Overload 1 of 2, '(props: { component: ElementType<any, keyof IntrinsicElements>; } & GridBaseProps & { sx?: SxProps<Theme> | undefined; } & SystemProps<...> & Omit<...>): Element | null', gave the following error.
    Property 'component' is missing in type '{ children: Element; item: true; xs: number; sm: number; }' but required in type '{ component: ElementType<any, keyof IntrinsicElements>; }'.
  Overload 2 of 2, '(props: DefaultComponentProps<GridTypeMap<{}, "div">>): Element | null', gave the following error.
    Type '{ children: Element; item: true; xs: number; sm: number; }' is not assignable to type 'IntrinsicAttributes & GridBaseProps & { sx?: SxProps<Theme> | undefined; } & SystemProps<Theme> & Omit<...>'.
      Property 'item' does not exist on type 'IntrinsicAttributes & GridBaseProps & { sx?: SxProps<Theme> | undefined; } & SystemProps<Theme> & Omit<...>'.
    243 |                 </Card>
    244 |               </Grid>
  > 245 |               <Grid item xs={6} sm={3}>
        |               ^^^^^^^^^^^^^^^^^^^^^^^^^
    246 |                 <Card variant="outlined" sx={{ textAlign: 'center', bgcolor: '#fff' }}>
    247 |                   <CardContent sx={{ py: 2, '&:last-child': { pb: 2 } }}>
    248 |                     <Typography variant="h3" fontWeight={700} color="#003875">{mockSummary.sections.length}</Typography>

ERROR in src/pages/Parsing.tsx:253:15
TS2769: No overload matches this call.
  Overload 1 of 2, '(props: { component: ElementType<any, keyof IntrinsicElements>; } & GridBaseProps & { sx?: SxProps<Theme> | undefined; } & SystemProps<...> & Omit<...>): Element | null', gave the following error.
    Property 'component' is missing in type '{ children: Element; item: true; xs: number; sm: number; }' but required in type '{ component: ElementType<any, keyof IntrinsicElements>; }'.
  Overload 2 of 2, '(props: DefaultComponentProps<GridTypeMap<{}, "div">>): Element | null', gave the following error.
    Type '{ children: Element; item: true; xs: number; sm: number; }' is not assignable to type 'IntrinsicAttributes & GridBaseProps & { sx?: SxProps<Theme> | undefined; } & SystemProps<Theme> & Omit<...>'.
      Property 'item' does not exist on type 'IntrinsicAttributes & GridBaseProps & { sx?: SxProps<Theme> | undefined; } & SystemProps<Theme> & Omit<...>'.
    251 |                 </Card>
    252 |               </Grid>
  > 253 |               <Grid item xs={6} sm={3}>
        |               ^^^^^^^^^^^^^^^^^^^^^^^^^
    254 |                 <Card variant="outlined" sx={{ textAlign: 'center', bgcolor: '#fff' }}>
    255 |                   <CardContent sx={{ py: 2, '&:last-child': { pb: 2 } }}>
    256 |                     <Typography variant="h3" fontWeight={700} color="#003875">3</Typography>

ERROR in src/pages/Verification.tsx:79:11
TS2769: No overload matches this call.
  Overload 1 of 2, '(props: { component: ElementType<any, keyof IntrinsicElements>; } & GridBaseProps & { sx?: SxProps<Theme> | undefined; } & SystemProps<...> & Omit<...>): Element | null', gave the following error.
    Property 'component' is missing in type '{ children: Element; item: true; xs: number; sm: number; key: string; }' but required in type '{ component: ElementType<any, keyof IntrinsicElements>; }'.
  Overload 2 of 2, '(props: DefaultComponentProps<GridTypeMap<{}, "div">>): Element | null', gave the following error.
    Type '{ children: Element; item: true; xs: number; sm: number; key: string; }' is not assignable to type 'IntrinsicAttributes & GridBaseProps & { sx?: SxProps<Theme> | undefined; } & SystemProps<Theme> & Omit<...>'.
      Property 'item' does not exist on type 'IntrinsicAttributes & GridBaseProps & { sx?: SxProps<Theme> | undefined; } & SystemProps<Theme> & Omit<...>'.
    77 |       <Grid container spacing={2} sx={{ mb: 3 }}>
    78 |         {summaryCards.map(c => (
  > 79 |           <Grid item xs={12} sm={4} key={c.label}>
       |           ^^^^^^^^^^^^^^^^^^^^^^^^^^^^^^^^^^^^^^^^
    80 |             <Card sx={{ borderRadius: 3, border: `2px solid ${c.color}20`, bgcolor: c.bg }}>
    81 |               <CardContent sx={{ display: 'flex', alignItems: 'center', gap: 2, py: 3, '&:last-child': { pb: 3 } }}>
    82 |                 <Box sx={{ color: c.color }}>{c.icon}</Box>

Compiling...
Compiled with warnings.

[eslint] 
src/layouts/MainLayout.tsx
  Line 4:25:   'AccountCircle' is defined but never used          @typescript-eslint/no-unused-vars
  Line 10:17:  'logout' is assigned a value but never used        @typescript-eslint/no-unused-vars
  Line 11:9:   'sidebarWidth' is assigned a value but never used  @typescript-eslint/no-unused-vars

src/pages/Dashboard.tsx
  Line 5:27:  'useEffect' is defined but never used  @typescript-eslint/no-unused-vars

src/pages/History.tsx
  Line 7:52:  'IconButton' is defined but never used  @typescript-eslint/no-unused-vars

src/pages/ParsedDataReview.tsx
  Line 10:10:  'Divider' is defined but never used      @typescript-eslint/no-unused-vars
  Line 10:19:  'Card' is defined but never used         @typescript-eslint/no-unused-vars
  Line 10:25:  'CardContent' is defined but never used  @typescript-eslint/no-unused-vars

src/pages/Parsing.tsx
  Line 5:48:   'useEffect' is defined but never used             @typescript-eslint/no-unused-vars
  Line 8:28:   'Alert' is defined but never used                 @typescript-eslint/no-unused-vars
  Line 103:9:  'currentFile' is assigned a value but never used  @typescript-eslint/no-unused-vars

src/pages/QuotationComparison.tsx
  Line 7:35:  'Card' is defined but never used            @typescript-eslint/no-unused-vars
  Line 7:41:  'CardContent' is defined but never used     @typescript-eslint/no-unused-vars
  Line 7:54:  'Grid' is defined but never used            @typescript-eslint/no-unused-vars
  Line 9:46:  'Tooltip' is defined but never used         @typescript-eslint/no-unused-vars
  Line 9:55:  'Divider' is defined but never used         @typescript-eslint/no-unused-vars
  Line 9:64:  'LinearProgress' is defined but never used  @typescript-eslint/no-unused-vars

src/pages/Verification.tsx
  Line 9:3:   'Alert' is defined but never used    @typescript-eslint/no-unused-vars
  Line 9:20:  'Divider' is defined but never used  @typescript-eslint/no-unused-vars
  Line 9:29:  'Tooltip' is defined but never used  @typescript-eslint/no-unused-vars

Search for the keywords to learn more about each warning.
To ignore, add // eslint-disable-next-line to the line before.

WARNING in [eslint] 
src/layouts/MainLayout.tsx
  Line 4:25:   'AccountCircle' is defined but never used          @typescript-eslint/no-unused-vars
  Line 10:17:  'logout' is assigned a value but never used        @typescript-eslint/no-unused-vars
  Line 11:9:   'sidebarWidth' is assigned a value but never used  @typescript-eslint/no-unused-vars

src/pages/Dashboard.tsx
  Line 5:27:  'useEffect' is defined but never used  @typescript-eslint/no-unused-vars

src/pages/History.tsx
  Line 7:52:  'IconButton' is defined but never used  @typescript-eslint/no-unused-vars

src/pages/ParsedDataReview.tsx
  Line 10:10:  'Divider' is defined but never used      @typescript-eslint/no-unused-vars
  Line 10:19:  'Card' is defined but never used         @typescript-eslint/no-unused-vars
  Line 10:25:  'CardContent' is defined but never used  @typescript-eslint/no-unused-vars

src/pages/Parsing.tsx
  Line 5:48:   'useEffect' is defined but never used             @typescript-eslint/no-unused-vars
  Line 8:28:   'Alert' is defined but never used                 @typescript-eslint/no-unused-vars
  Line 103:9:  'currentFile' is assigned a value but never used  @typescript-eslint/no-unused-vars

src/pages/QuotationComparison.tsx
  Line 7:35:  'Card' is defined but never used            @typescript-eslint/no-unused-vars
  Line 7:41:  'CardContent' is defined but never used     @typescript-eslint/no-unused-vars
  Line 7:54:  'Grid' is defined but never used            @typescript-eslint/no-unused-vars
  Line 9:46:  'Tooltip' is defined but never used         @typescript-eslint/no-unused-vars
  Line 9:55:  'Divider' is defined but never used         @typescript-eslint/no-unused-vars
  Line 9:64:  'LinearProgress' is defined but never used  @typescript-eslint/no-unused-vars

src/pages/Verification.tsx
  Line 9:3:   'Alert' is defined but never used    @typescript-eslint/no-unused-vars
  Line 9:20:  'Divider' is defined but never used  @typescript-eslint/no-unused-vars
  Line 9:29:  'Tooltip' is defined but never used  @typescript-eslint/no-unused-vars

webpack compiled with 1 warning
ERROR in src/pages/ParsedDataReview.tsx:158:9
TS2769: No overload matches this call.
  Overload 1 of 2, '(props: { component: ElementType<any, keyof IntrinsicElements>; } & GridBaseProps & { sx?: SxProps<Theme> | undefined; } & SystemProps<...> & Omit<...>): Element | null', gave the following error.
    Property 'component' is missing in type '{ children: Element; item: true; xs: number; md: number; }' but required in type '{ component: ElementType<any, keyof IntrinsicElements>; }'.
  Overload 2 of 2, '(props: DefaultComponentProps<GridTypeMap<{}, "div">>): Element | null', gave the following error.
    Type '{ children: Element; item: true; xs: number; md: number; }' is not assignable to type 'IntrinsicAttributes & GridBaseProps & { sx?: SxProps<Theme> | undefined; } & SystemProps<Theme> & Omit<...>'.
      Property 'item' does not exist on type 'IntrinsicAttributes & GridBaseProps & { sx?: SxProps<Theme> | undefined; } & SystemProps<Theme> & Omit<...>'.
    156 |       <Grid container spacing={2} sx={{ mb: 3 }}>
    157 |         {/* 좌: 원본 데이터 */}
  > 158 |         <Grid item xs={12} md={6}>
        |         ^^^^^^^^^^^^^^^^^^^^^^^^^^
    159 |           <Paper sx={{ p: 2, borderRadius: 2, height: '100%' }}>
    160 |             <Typography variant="subtitle2" fontWeight={700} sx={{ mb: 1.5, color: '#003875' }}>
    161 |               📄 원본 데이터 (셀 위치)

ERROR in src/pages/ParsedDataReview.tsx:203:9
TS2769: No overload matches this call.
  Overload 1 of 2, '(props: { component: ElementType<any, keyof IntrinsicElements>; } & GridBaseProps & { sx?: SxProps<Theme> | undefined; } & SystemProps<...> & Omit<...>): Element | null', gave the following error.
    Property 'component' is missing in type '{ children: Element; item: true; xs: number; md: number; }' but required in type '{ component: ElementType<any, keyof IntrinsicElements>; }'.
  Overload 2 of 2, '(props: DefaultComponentProps<GridTypeMap<{}, "div">>): Element | null', gave the following error.
    Type '{ children: Element; item: true; xs: number; md: number; }' is not assignable to type 'IntrinsicAttributes & GridBaseProps & { sx?: SxProps<Theme> | undefined; } & SystemProps<Theme> & Omit<...>'.
      Property 'item' does not exist on type 'IntrinsicAttributes & GridBaseProps & { sx?: SxProps<Theme> | undefined; } & SystemProps<Theme> & Omit<...>'.
    201 |
    202 |         {/* 우: 구조화 트리/아코디언 */}
  > 203 |         <Grid item xs={12} md={6}>
        |         ^^^^^^^^^^^^^^^^^^^^^^^^^^
    204 |           <Paper sx={{ p: 2, borderRadius: 2, height: '100%' }}>
    205 |             <Typography variant="subtitle2" fontWeight={700} sx={{ mb: 1.5, color: '#003875' }}>
    206 |               🏗️ 구조화된 데이터 (섹션별)

ERROR in src/pages/Parsing.tsx:229:15
TS2769: No overload matches this call.
  Overload 1 of 2, '(props: { component: ElementType<any, keyof IntrinsicElements>; } & GridBaseProps & { sx?: SxProps<Theme> | undefined; } & SystemProps<...> & Omit<...>): Element | null', gave the following error.
    Property 'component' is missing in type '{ children: Element; item: true; xs: number; sm: number; }' but required in type '{ component: ElementType<any, keyof IntrinsicElements>; }'.
  Overload 2 of 2, '(props: DefaultComponentProps<GridTypeMap<{}, "div">>): Element | null', gave the following error.
    Type '{ children: Element; item: true; xs: number; sm: number; }' is not assignable to type 'IntrinsicAttributes & GridBaseProps & { sx?: SxProps<Theme> | undefined; } & SystemProps<Theme> & Omit<...>'.
      Property 'item' does not exist on type 'IntrinsicAttributes & GridBaseProps & { sx?: SxProps<Theme> | undefined; } & SystemProps<Theme> & Omit<...>'.
    227 |
    228 |             <Grid container spacing={2} sx={{ mb: 2 }}>
  > 229 |               <Grid item xs={6} sm={3}>
        |               ^^^^^^^^^^^^^^^^^^^^^^^^^
    230 |                 <Card variant="outlined" sx={{ textAlign: 'center', bgcolor: '#fff' }}>
    231 |                   <CardContent sx={{ py: 2, '&:last-child': { pb: 2 } }}>
    232 |                     <Typography variant="h3" fontWeight={700} color="#003875">{mockSummary.sheets}</Typography>

ERROR in src/pages/Parsing.tsx:237:15
TS2769: No overload matches this call.
  Overload 1 of 2, '(props: { component: ElementType<any, keyof IntrinsicElements>; } & GridBaseProps & { sx?: SxProps<Theme> | undefined; } & SystemProps<...> & Omit<...>): Element | null', gave the following error.
    Property 'component' is missing in type '{ children: Element; item: true; xs: number; sm: number; }' but required in type '{ component: ElementType<any, keyof IntrinsicElements>; }'.
  Overload 2 of 2, '(props: DefaultComponentProps<GridTypeMap<{}, "div">>): Element | null', gave the following error.
    Type '{ children: Element; item: true; xs: number; sm: number; }' is not assignable to type 'IntrinsicAttributes & GridBaseProps & { sx?: SxProps<Theme> | undefined; } & SystemProps<Theme> & Omit<...>'.
      Property 'item' does not exist on type 'IntrinsicAttributes & GridBaseProps & { sx?: SxProps<Theme> | undefined; } & SystemProps<Theme> & Omit<...>'.
    235 |                 </Card>
    236 |               </Grid>
  > 237 |               <Grid item xs={6} sm={3}>
        |               ^^^^^^^^^^^^^^^^^^^^^^^^^
    238 |                 <Card variant="outlined" sx={{ textAlign: 'center', bgcolor: '#fff' }}>
    239 |                   <CardContent sx={{ py: 2, '&:last-child': { pb: 2 } }}>
    240 |                     <Typography variant="h3" fontWeight={700} color="#003875">{mockSummary.parts}</Typography>

ERROR in src/pages/Parsing.tsx:245:15
TS2769: No overload matches this call.
  Overload 1 of 2, '(props: { component: ElementType<any, keyof IntrinsicElements>; } & GridBaseProps & { sx?: SxProps<Theme> | undefined; } & SystemProps<...> & Omit<...>): Element | null', gave the following error.
    Property 'component' is missing in type '{ children: Element; item: true; xs: number; sm: number; }' but required in type '{ component: ElementType<any, keyof IntrinsicElements>; }'.
  Overload 2 of 2, '(props: DefaultComponentProps<GridTypeMap<{}, "div">>): Element | null', gave the following error.
    Type '{ children: Element; item: true; xs: number; sm: number; }' is not assignable to type 'IntrinsicAttributes & GridBaseProps & { sx?: SxProps<Theme> | undefined; } & SystemProps<Theme> & Omit<...>'.
      Property 'item' does not exist on type 'IntrinsicAttributes & GridBaseProps & { sx?: SxProps<Theme> | undefined; } & SystemProps<Theme> & Omit<...>'.
    243 |                 </Card>
    244 |               </Grid>
  > 245 |               <Grid item xs={6} sm={3}>
        |               ^^^^^^^^^^^^^^^^^^^^^^^^^
    246 |                 <Card variant="outlined" sx={{ textAlign: 'center', bgcolor: '#fff' }}>
    247 |                   <CardContent sx={{ py: 2, '&:last-child': { pb: 2 } }}>
    248 |                     <Typography variant="h3" fontWeight={700} color="#003875">{mockSummary.sections.length}</Typography>

ERROR in src/pages/Parsing.tsx:253:15
TS2769: No overload matches this call.
  Overload 1 of 2, '(props: { component: ElementType<any, keyof IntrinsicElements>; } & GridBaseProps & { sx?: SxProps<Theme> | undefined; } & SystemProps<...> & Omit<...>): Element | null', gave the following error.
    Property 'component' is missing in type '{ children: Element; item: true; xs: number; sm: number; }' but required in type '{ component: ElementType<any, keyof IntrinsicElements>; }'.
  Overload 2 of 2, '(props: DefaultComponentProps<GridTypeMap<{}, "div">>): Element | null', gave the following error.
    Type '{ children: Element; item: true; xs: number; sm: number; }' is not assignable to type 'IntrinsicAttributes & GridBaseProps & { sx?: SxProps<Theme> | undefined; } & SystemProps<Theme> & Omit<...>'.
      Property 'item' does not exist on type 'IntrinsicAttributes & GridBaseProps & { sx?: SxProps<Theme> | undefined; } & SystemProps<Theme> & Omit<...>'.
    251 |                 </Card>
    252 |               </Grid>
  > 253 |               <Grid item xs={6} sm={3}>
        |               ^^^^^^^^^^^^^^^^^^^^^^^^^
    254 |                 <Card variant="outlined" sx={{ textAlign: 'center', bgcolor: '#fff' }}>
    255 |                   <CardContent sx={{ py: 2, '&:last-child': { pb: 2 } }}>
    256 |                     <Typography variant="h3" fontWeight={700} color="#003875">3</Typography>

ERROR in src/pages/QuotationComparison.tsx:193:34
TS2322: Type '{ children: string; fontWeight: number; }' is not assignable to type 'IntrinsicAttributes & TableCellProps'.
  Property 'fontWeight' does not exist on type 'IntrinsicAttributes & TableCellProps'.
    191 |                   {mockMaterials.map((m, i) => (
    192 |                     <TableRow key={i} sx={{ bgcolor: m.changed ? '#fff3e0' : undefined }}>
  > 193 |                       <TableCell fontWeight={600}>{m.part}</TableCell>
        |                                  ^^^^^^^^^^
    194 |                       <TableCell>{m.bidder}</TableCell>
    195 |                       <TableCell>{m.oem}</TableCell>
    196 |                       <TableCell sx={{ fontWeight: m.changed ? 700 : 400, color: m.changed ? '#e65100' : undefined }}>

ERROR in src/pages/Verification.tsx:79:11
TS2769: No overload matches this call.
  Overload 1 of 2, '(props: { component: ElementType<any, keyof IntrinsicElements>; } & GridBaseProps & { sx?: SxProps<Theme> | undefined; } & SystemProps<...> & Omit<...>): Element | null', gave the following error.
    Property 'component' is missing in type '{ children: Element; item: true; xs: number; sm: number; key: string; }' but required in type '{ component: ElementType<any, keyof IntrinsicElements>; }'.
  Overload 2 of 2, '(props: DefaultComponentProps<GridTypeMap<{}, "div">>): Element | null', gave the following error.
    Type '{ children: Element; item: true; xs: number; sm: number; key: string; }' is not assignable to type 'IntrinsicAttributes & GridBaseProps & { sx?: SxProps<Theme> | undefined; } & SystemProps<Theme> & Omit<...>'.
      Property 'item' does not exist on type 'IntrinsicAttributes & GridBaseProps & { sx?: SxProps<Theme> | undefined; } & SystemProps<Theme> & Omit<...>'.
    77 |       <Grid container spacing={2} sx={{ mb: 3 }}>
    78 |         {summaryCards.map(c => (
  > 79 |           <Grid item xs={12} sm={4} key={c.label}>
       |           ^^^^^^^^^^^^^^^^^^^^^^^^^^^^^^^^^^^^^^^^
    80 |             <Card sx={{ borderRadius: 3, border: `2px solid ${c.color}20`, bgcolor: c.bg }}>
    81 |               <CardContent sx={{ display: 'flex', alignItems: 'center', gap: 2, py: 3, '&:last-child': { pb: 3 } }}>
    82 |                 <Box sx={{ color: c.color }}>{c.icon}</Box>

Compiling...
Compiled with warnings.

[eslint] 
src/layouts/MainLayout.tsx
  Line 4:25:   'AccountCircle' is defined but never used          @typescript-eslint/no-unused-vars
  Line 10:17:  'logout' is assigned a value but never used        @typescript-eslint/no-unused-vars
  Line 11:9:   'sidebarWidth' is assigned a value but never used  @typescript-eslint/no-unused-vars

src/pages/Dashboard.tsx
  Line 5:27:  'useEffect' is defined but never used  @typescript-eslint/no-unused-vars

src/pages/History.tsx
  Line 7:52:  'IconButton' is defined but never used  @typescript-eslint/no-unused-vars

src/pages/ParsedDataReview.tsx
  Line 10:10:  'Divider' is defined but never used      @typescript-eslint/no-unused-vars
  Line 10:19:  'Card' is defined but never used         @typescript-eslint/no-unused-vars
  Line 10:25:  'CardContent' is defined but never used  @typescript-eslint/no-unused-vars

src/pages/Parsing.tsx
  Line 5:48:   'useEffect' is defined but never used             @typescript-eslint/no-unused-vars
  Line 8:28:   'Alert' is defined but never used                 @typescript-eslint/no-unused-vars
  Line 103:9:  'currentFile' is assigned a value but never used  @typescript-eslint/no-unused-vars

src/pages/QuotationComparison.tsx
  Line 7:35:  'Card' is defined but never used            @typescript-eslint/no-unused-vars
  Line 7:41:  'CardContent' is defined but never used     @typescript-eslint/no-unused-vars
  Line 7:54:  'Grid' is defined but never used            @typescript-eslint/no-unused-vars
  Line 9:46:  'Tooltip' is defined but never used         @typescript-eslint/no-unused-vars
  Line 9:55:  'Divider' is defined but never used         @typescript-eslint/no-unused-vars
  Line 9:64:  'LinearProgress' is defined but never used  @typescript-eslint/no-unused-vars

src/pages/Report.tsx
  Line 7:35:  'Card' is defined but never used         @typescript-eslint/no-unused-vars
  Line 7:41:  'CardContent' is defined but never used  @typescript-eslint/no-unused-vars

src/pages/Verification.tsx
  Line 9:3:   'Alert' is defined but never used    @typescript-eslint/no-unused-vars
  Line 9:20:  'Divider' is defined but never used  @typescript-eslint/no-unused-vars
  Line 9:29:  'Tooltip' is defined but never used  @typescript-eslint/no-unused-vars

Search for the keywords to learn more about each warning.
To ignore, add // eslint-disable-next-line to the line before.

WARNING in [eslint] 
src/layouts/MainLayout.tsx
  Line 4:25:   'AccountCircle' is defined but never used          @typescript-eslint/no-unused-vars
  Line 10:17:  'logout' is assigned a value but never used        @typescript-eslint/no-unused-vars
  Line 11:9:   'sidebarWidth' is assigned a value but never used  @typescript-eslint/no-unused-vars

src/pages/Dashboard.tsx
  Line 5:27:  'useEffect' is defined but never used  @typescript-eslint/no-unused-vars

src/pages/History.tsx
  Line 7:52:  'IconButton' is defined but never used  @typescript-eslint/no-unused-vars

src/pages/ParsedDataReview.tsx
  Line 10:10:  'Divider' is defined but never used      @typescript-eslint/no-unused-vars
  Line 10:19:  'Card' is defined but never used         @typescript-eslint/no-unused-vars
  Line 10:25:  'CardContent' is defined but never used  @typescript-eslint/no-unused-vars

src/pages/Parsing.tsx
  Line 5:48:   'useEffect' is defined but never used             @typescript-eslint/no-unused-vars
  Line 8:28:   'Alert' is defined but never used                 @typescript-eslint/no-unused-vars
  Line 103:9:  'currentFile' is assigned a value but never used  @typescript-eslint/no-unused-vars

src/pages/QuotationComparison.tsx
  Line 7:35:  'Card' is defined but never used            @typescript-eslint/no-unused-vars
  Line 7:41:  'CardContent' is defined but never used     @typescript-eslint/no-unused-vars
  Line 7:54:  'Grid' is defined but never used            @typescript-eslint/no-unused-vars
  Line 9:46:  'Tooltip' is defined but never used         @typescript-eslint/no-unused-vars
  Line 9:55:  'Divider' is defined but never used         @typescript-eslint/no-unused-vars
  Line 9:64:  'LinearProgress' is defined but never used  @typescript-eslint/no-unused-vars

src/pages/Report.tsx
  Line 7:35:  'Card' is defined but never used         @typescript-eslint/no-unused-vars
  Line 7:41:  'CardContent' is defined but never used  @typescript-eslint/no-unused-vars

src/pages/Verification.tsx
  Line 9:3:   'Alert' is defined but never used    @typescript-eslint/no-unused-vars
  Line 9:20:  'Divider' is defined but never used  @typescript-eslint/no-unused-vars
  Line 9:29:  'Tooltip' is defined but never used  @typescript-eslint/no-unused-vars

webpack compiled with 1 warning
ERROR in src/pages/ParsedDataReview.tsx:158:9
TS2769: No overload matches this call.
  Overload 1 of 2, '(props: { component: ElementType<any, keyof IntrinsicElements>; } & GridBaseProps & { sx?: SxProps<Theme> | undefined; } & SystemProps<...> & Omit<...>): Element | null', gave the following error.
    Property 'component' is missing in type '{ children: Element; item: true; xs: number; md: number; }' but required in type '{ component: ElementType<any, keyof IntrinsicElements>; }'.
  Overload 2 of 2, '(props: DefaultComponentProps<GridTypeMap<{}, "div">>): Element | null', gave the following error.
    Type '{ children: Element; item: true; xs: number; md: number; }' is not assignable to type 'IntrinsicAttributes & GridBaseProps & { sx?: SxProps<Theme> | undefined; } & SystemProps<Theme> & Omit<...>'.
      Property 'item' does not exist on type 'IntrinsicAttributes & GridBaseProps & { sx?: SxProps<Theme> | undefined; } & SystemProps<Theme> & Omit<...>'.
    156 |       <Grid container spacing={2} sx={{ mb: 3 }}>
    157 |         {/* 좌: 원본 데이터 */}
  > 158 |         <Grid item xs={12} md={6}>
        |         ^^^^^^^^^^^^^^^^^^^^^^^^^^
    159 |           <Paper sx={{ p: 2, borderRadius: 2, height: '100%' }}>
    160 |             <Typography variant="subtitle2" fontWeight={700} sx={{ mb: 1.5, color: '#003875' }}>
    161 |               📄 원본 데이터 (셀 위치)

ERROR in src/pages/ParsedDataReview.tsx:203:9
TS2769: No overload matches this call.
  Overload 1 of 2, '(props: { component: ElementType<any, keyof IntrinsicElements>; } & GridBaseProps & { sx?: SxProps<Theme> | undefined; } & SystemProps<...> & Omit<...>): Element | null', gave the following error.
    Property 'component' is missing in type '{ children: Element; item: true; xs: number; md: number; }' but required in type '{ component: ElementType<any, keyof IntrinsicElements>; }'.
  Overload 2 of 2, '(props: DefaultComponentProps<GridTypeMap<{}, "div">>): Element | null', gave the following error.
    Type '{ children: Element; item: true; xs: number; md: number; }' is not assignable to type 'IntrinsicAttributes & GridBaseProps & { sx?: SxProps<Theme> | undefined; } & SystemProps<Theme> & Omit<...>'.
      Property 'item' does not exist on type 'IntrinsicAttributes & GridBaseProps & { sx?: SxProps<Theme> | undefined; } & SystemProps<Theme> & Omit<...>'.
    201 |
    202 |         {/* 우: 구조화 트리/아코디언 */}
  > 203 |         <Grid item xs={12} md={6}>
        |         ^^^^^^^^^^^^^^^^^^^^^^^^^^
    204 |           <Paper sx={{ p: 2, borderRadius: 2, height: '100%' }}>
    205 |             <Typography variant="subtitle2" fontWeight={700} sx={{ mb: 1.5, color: '#003875' }}>
    206 |               🏗️ 구조화된 데이터 (섹션별)

ERROR in src/pages/Parsing.tsx:229:15
TS2769: No overload matches this call.
  Overload 1 of 2, '(props: { component: ElementType<any, keyof IntrinsicElements>; } & GridBaseProps & { sx?: SxProps<Theme> | undefined; } & SystemProps<...> & Omit<...>): Element | null', gave the following error.
    Property 'component' is missing in type '{ children: Element; item: true; xs: number; sm: number; }' but required in type '{ component: ElementType<any, keyof IntrinsicElements>; }'.
  Overload 2 of 2, '(props: DefaultComponentProps<GridTypeMap<{}, "div">>): Element | null', gave the following error.
    Type '{ children: Element; item: true; xs: number; sm: number; }' is not assignable to type 'IntrinsicAttributes & GridBaseProps & { sx?: SxProps<Theme> | undefined; } & SystemProps<Theme> & Omit<...>'.
      Property 'item' does not exist on type 'IntrinsicAttributes & GridBaseProps & { sx?: SxProps<Theme> | undefined; } & SystemProps<Theme> & Omit<...>'.
    227 |
    228 |             <Grid container spacing={2} sx={{ mb: 2 }}>
  > 229 |               <Grid item xs={6} sm={3}>
        |               ^^^^^^^^^^^^^^^^^^^^^^^^^
    230 |                 <Card variant="outlined" sx={{ textAlign: 'center', bgcolor: '#fff' }}>
    231 |                   <CardContent sx={{ py: 2, '&:last-child': { pb: 2 } }}>
    232 |                     <Typography variant="h3" fontWeight={700} color="#003875">{mockSummary.sheets}</Typography>

ERROR in src/pages/Parsing.tsx:237:15
TS2769: No overload matches this call.
  Overload 1 of 2, '(props: { component: ElementType<any, keyof IntrinsicElements>; } & GridBaseProps & { sx?: SxProps<Theme> | undefined; } & SystemProps<...> & Omit<...>): Element | null', gave the following error.
    Property 'component' is missing in type '{ children: Element; item: true; xs: number; sm: number; }' but required in type '{ component: ElementType<any, keyof IntrinsicElements>; }'.
  Overload 2 of 2, '(props: DefaultComponentProps<GridTypeMap<{}, "div">>): Element | null', gave the following error.
    Type '{ children: Element; item: true; xs: number; sm: number; }' is not assignable to type 'IntrinsicAttributes & GridBaseProps & { sx?: SxProps<Theme> | undefined; } & SystemProps<Theme> & Omit<...>'.
      Property 'item' does not exist on type 'IntrinsicAttributes & GridBaseProps & { sx?: SxProps<Theme> | undefined; } & SystemProps<Theme> & Omit<...>'.
    235 |                 </Card>
    236 |               </Grid>
  > 237 |               <Grid item xs={6} sm={3}>
        |               ^^^^^^^^^^^^^^^^^^^^^^^^^
    238 |                 <Card variant="outlined" sx={{ textAlign: 'center', bgcolor: '#fff' }}>
    239 |                   <CardContent sx={{ py: 2, '&:last-child': { pb: 2 } }}>
    240 |                     <Typography variant="h3" fontWeight={700} color="#003875">{mockSummary.parts}</Typography>

ERROR in src/pages/Parsing.tsx:245:15
TS2769: No overload matches this call.
  Overload 1 of 2, '(props: { component: ElementType<any, keyof IntrinsicElements>; } & GridBaseProps & { sx?: SxProps<Theme> | undefined; } & SystemProps<...> & Omit<...>): Element | null', gave the following error.
    Property 'component' is missing in type '{ children: Element; item: true; xs: number; sm: number; }' but required in type '{ component: ElementType<any, keyof IntrinsicElements>; }'.
  Overload 2 of 2, '(props: DefaultComponentProps<GridTypeMap<{}, "div">>): Element | null', gave the following error.
    Type '{ children: Element; item: true; xs: number; sm: number; }' is not assignable to type 'IntrinsicAttributes & GridBaseProps & { sx?: SxProps<Theme> | undefined; } & SystemProps<Theme> & Omit<...>'.
      Property 'item' does not exist on type 'IntrinsicAttributes & GridBaseProps & { sx?: SxProps<Theme> | undefined; } & SystemProps<Theme> & Omit<...>'.
    243 |                 </Card>
    244 |               </Grid>
  > 245 |               <Grid item xs={6} sm={3}>
        |               ^^^^^^^^^^^^^^^^^^^^^^^^^
    246 |                 <Card variant="outlined" sx={{ textAlign: 'center', bgcolor: '#fff' }}>
    247 |                   <CardContent sx={{ py: 2, '&:last-child': { pb: 2 } }}>
    248 |                     <Typography variant="h3" fontWeight={700} color="#003875">{mockSummary.sections.length}</Typography>

ERROR in src/pages/Parsing.tsx:253:15
TS2769: No overload matches this call.
  Overload 1 of 2, '(props: { component: ElementType<any, keyof IntrinsicElements>; } & GridBaseProps & { sx?: SxProps<Theme> | undefined; } & SystemProps<...> & Omit<...>): Element | null', gave the following error.
    Property 'component' is missing in type '{ children: Element; item: true; xs: number; sm: number; }' but required in type '{ component: ElementType<any, keyof IntrinsicElements>; }'.
  Overload 2 of 2, '(props: DefaultComponentProps<GridTypeMap<{}, "div">>): Element | null', gave the following error.
    Type '{ children: Element; item: true; xs: number; sm: number; }' is not assignable to type 'IntrinsicAttributes & GridBaseProps & { sx?: SxProps<Theme> | undefined; } & SystemProps<Theme> & Omit<...>'.
      Property 'item' does not exist on type 'IntrinsicAttributes & GridBaseProps & { sx?: SxProps<Theme> | undefined; } & SystemProps<Theme> & Omit<...>'.
    251 |                 </Card>
    252 |               </Grid>
  > 253 |               <Grid item xs={6} sm={3}>
        |               ^^^^^^^^^^^^^^^^^^^^^^^^^
    254 |                 <Card variant="outlined" sx={{ textAlign: 'center', bgcolor: '#fff' }}>
    255 |                   <CardContent sx={{ py: 2, '&:last-child': { pb: 2 } }}>
    256 |                     <Typography variant="h3" fontWeight={700} color="#003875">3</Typography>

ERROR in src/pages/QuotationComparison.tsx:193:34
TS2322: Type '{ children: string; fontWeight: number; }' is not assignable to type 'IntrinsicAttributes & TableCellProps'.
  Property 'fontWeight' does not exist on type 'IntrinsicAttributes & TableCellProps'.
    191 |                   {mockMaterials.map((m, i) => (
    192 |                     <TableRow key={i} sx={{ bgcolor: m.changed ? '#fff3e0' : undefined }}>
  > 193 |                       <TableCell fontWeight={600}>{m.part}</TableCell>
        |                                  ^^^^^^^^^^
    194 |                       <TableCell>{m.bidder}</TableCell>
    195 |                       <TableCell>{m.oem}</TableCell>
    196 |                       <TableCell sx={{ fontWeight: m.changed ? 700 : 400, color: m.changed ? '#e65100' : undefined }}>

ERROR in src/pages/Report.tsx:82:9
TS2769: No overload matches this call.
  Overload 1 of 2, '(props: { component: ElementType<any, keyof IntrinsicElements>; } & GridBaseProps & { sx?: SxProps<Theme> | undefined; } & SystemProps<...> & Omit<...>): Element | null', gave the following error.
    Property 'component' is missing in type '{ children: Element; item: true; xs: number; md: number; }' but required in type '{ component: ElementType<any, keyof IntrinsicElements>; }'.
  Overload 2 of 2, '(props: DefaultComponentProps<GridTypeMap<{}, "div">>): Element | null', gave the following error.
    Type '{ children: Element; item: true; xs: number; md: number; }' is not assignable to type 'IntrinsicAttributes & GridBaseProps & { sx?: SxProps<Theme> | undefined; } & SystemProps<Theme> & Omit<...>'.
      Property 'item' does not exist on type 'IntrinsicAttributes & GridBaseProps & { sx?: SxProps<Theme> | undefined; } & SystemProps<Theme> & Omit<...>'.
    80 |       <Grid container spacing={3}>
    81 |         {/* ── 검증 통과율 도넛 차트 ── */}
  > 82 |         <Grid item xs={12} md={4}>
       |         ^^^^^^^^^^^^^^^^^^^^^^^^^^
    83 |           <Paper sx={{ p: 3, borderRadius: 2, height: '100%', textAlign: 'center' }}>
    84 |             <Typography variant="subtitle1" fontWeight={700} sx={{ mb: 2 }}>검증 통과율</Typography>
    85 |             {/* CSS Donut */}

ERROR in src/pages/Report.tsx:113:9
TS2769: No overload matches this call.
  Overload 1 of 2, '(props: { component: ElementType<any, keyof IntrinsicElements>; } & GridBaseProps & { sx?: SxProps<Theme> | undefined; } & SystemProps<...> & Omit<...>): Element | null', gave the following error.
    Property 'component' is missing in type '{ children: Element; item: true; xs: number; md: number; }' but required in type '{ component: ElementType<any, keyof IntrinsicElements>; }'.
  Overload 2 of 2, '(props: DefaultComponentProps<GridTypeMap<{}, "div">>): Element | null', gave the following error.
    Type '{ children: Element; item: true; xs: number; md: number; }' is not assignable to type 'IntrinsicAttributes & GridBaseProps & { sx?: SxProps<Theme> | undefined; } & SystemProps<Theme> & Omit<...>'.
      Property 'item' does not exist on type 'IntrinsicAttributes & GridBaseProps & { sx?: SxProps<Theme> | undefined; } & SystemProps<Theme> & Omit<...>'.
    111 |
    112 |         {/* ── 주요 이슈 Top 10 ── */}
  > 113 |         <Grid item xs={12} md={8}>
        |         ^^^^^^^^^^^^^^^^^^^^^^^^^^
    114 |           <Paper sx={{ p: 0, borderRadius: 2, height: '100%', overflow: 'hidden' }}>
    115 |             <Box sx={{ p: 2, bgcolor: '#f5f7fa' }}>
    116 |               <Typography variant="subtitle1" fontWeight={700}>🔥 주요 이슈 Top 10</Typography>

ERROR in src/pages/Report.tsx:149:9
TS2769: No overload matches this call.
  Overload 1 of 2, '(props: { component: ElementType<any, keyof IntrinsicElements>; } & GridBaseProps & { sx?: SxProps<Theme> | undefined; } & SystemProps<...> & Omit<...>): Element | null', gave the following error.
    Property 'component' is missing in type '{ children: Element; item: true; xs: number; }' but required in type '{ component: ElementType<any, keyof IntrinsicElements>; }'.
  Overload 2 of 2, '(props: DefaultComponentProps<GridTypeMap<{}, "div">>): Element | null', gave the following error.
    Type '{ children: Element; item: true; xs: number; }' is not assignable to type 'IntrinsicAttributes & GridBaseProps & { sx?: SxProps<Theme> | undefined; } & SystemProps<Theme> & Omit<...>'.
      Property 'item' does not exist on type 'IntrinsicAttributes & GridBaseProps & { sx?: SxProps<Theme> | undefined; } & SystemProps<Theme> & Omit<...>'.
    147 |
    148 |         {/* ── 업체간 비교 요약 테이블 ── */}
  > 149 |         <Grid item xs={12}>
        |         ^^^^^^^^^^^^^^^^^^^
    150 |           <Paper sx={{ borderRadius: 2, overflow: 'hidden' }}>
    151 |             <Box sx={{ p: 2, bgcolor: '#f5f7fa' }}>
    152 |               <Typography variant="subtitle1" fontWeight={700}>📋 업체간 비교 요약</Typography>

ERROR in src/pages/Verification.tsx:79:11
TS2769: No overload matches this call.
  Overload 1 of 2, '(props: { component: ElementType<any, keyof IntrinsicElements>; } & GridBaseProps & { sx?: SxProps<Theme> | undefined; } & SystemProps<...> & Omit<...>): Element | null', gave the following error.
    Property 'component' is missing in type '{ children: Element; item: true; xs: number; sm: number; key: string; }' but required in type '{ component: ElementType<any, keyof IntrinsicElements>; }'.
  Overload 2 of 2, '(props: DefaultComponentProps<GridTypeMap<{}, "div">>): Element | null', gave the following error.
    Type '{ children: Element; item: true; xs: number; sm: number; key: string; }' is not assignable to type 'IntrinsicAttributes & GridBaseProps & { sx?: SxProps<Theme> | undefined; } & SystemProps<Theme> & Omit<...>'.
      Property 'item' does not exist on type 'IntrinsicAttributes & GridBaseProps & { sx?: SxProps<Theme> | undefined; } & SystemProps<Theme> & Omit<...>'.
    77 |       <Grid container spacing={2} sx={{ mb: 3 }}>
    78 |         {summaryCards.map(c => (
  > 79 |           <Grid item xs={12} sm={4} key={c.label}>
       |           ^^^^^^^^^^^^^^^^^^^^^^^^^^^^^^^^^^^^^^^^
    80 |             <Card sx={{ borderRadius: 3, border: `2px solid ${c.color}20`, bgcolor: c.bg }}>
    81 |               <CardContent sx={{ display: 'flex', alignItems: 'center', gap: 2, py: 3, '&:last-child': { pb: 3 } }}>
    82 |                 <Box sx={{ color: c.color }}>{c.icon}</Box>

Compiling...
Compiled with warnings.

[eslint] 
src/layouts/MainLayout.tsx
  Line 4:25:   'AccountCircle' is defined but never used          @typescript-eslint/no-unused-vars
  Line 10:17:  'logout' is assigned a value but never used        @typescript-eslint/no-unused-vars
  Line 11:9:   'sidebarWidth' is assigned a value but never used  @typescript-eslint/no-unused-vars

src/pages/Dashboard.tsx
  Line 5:27:  'useEffect' is defined but never used  @typescript-eslint/no-unused-vars

src/pages/History.tsx
  Line 7:52:  'IconButton' is defined but never used  @typescript-eslint/no-unused-vars

src/pages/ParsedDataReview.tsx
  Line 10:10:  'Divider' is defined but never used      @typescript-eslint/no-unused-vars
  Line 10:19:  'Card' is defined but never used         @typescript-eslint/no-unused-vars
  Line 10:25:  'CardContent' is defined but never used  @typescript-eslint/no-unused-vars

src/pages/Parsing.tsx
  Line 5:48:   'useEffect' is defined but never used             @typescript-eslint/no-unused-vars
  Line 8:28:   'Alert' is defined but never used                 @typescript-eslint/no-unused-vars
  Line 103:9:  'currentFile' is assigned a value but never used  @typescript-eslint/no-unused-vars

src/pages/QuotationComparison.tsx
  Line 7:35:  'Card' is defined but never used            @typescript-eslint/no-unused-vars
  Line 7:41:  'CardContent' is defined but never used     @typescript-eslint/no-unused-vars
  Line 7:54:  'Grid' is defined but never used            @typescript-eslint/no-unused-vars
  Line 9:46:  'Tooltip' is defined but never used         @typescript-eslint/no-unused-vars
  Line 9:55:  'Divider' is defined but never used         @typescript-eslint/no-unused-vars
  Line 9:64:  'LinearProgress' is defined but never used  @typescript-eslint/no-unused-vars

src/pages/Report.tsx
  Line 7:35:  'Card' is defined but never used         @typescript-eslint/no-unused-vars
  Line 7:41:  'CardContent' is defined but never used  @typescript-eslint/no-unused-vars

src/pages/Verification.tsx
  Line 9:3:   'Alert' is defined but never used    @typescript-eslint/no-unused-vars
  Line 9:20:  'Divider' is defined but never used  @typescript-eslint/no-unused-vars
  Line 9:29:  'Tooltip' is defined but never used  @typescript-eslint/no-unused-vars

Search for the keywords to learn more about each warning.
To ignore, add // eslint-disable-next-line to the line before.

WARNING in [eslint] 
src/layouts/MainLayout.tsx
  Line 4:25:   'AccountCircle' is defined but never used          @typescript-eslint/no-unused-vars
  Line 10:17:  'logout' is assigned a value but never used        @typescript-eslint/no-unused-vars
  Line 11:9:   'sidebarWidth' is assigned a value but never used  @typescript-eslint/no-unused-vars

src/pages/Dashboard.tsx
  Line 5:27:  'useEffect' is defined but never used  @typescript-eslint/no-unused-vars

src/pages/History.tsx
  Line 7:52:  'IconButton' is defined but never used  @typescript-eslint/no-unused-vars

src/pages/ParsedDataReview.tsx
  Line 10:10:  'Divider' is defined but never used      @typescript-eslint/no-unused-vars
  Line 10:19:  'Card' is defined but never used         @typescript-eslint/no-unused-vars
  Line 10:25:  'CardContent' is defined but never used  @typescript-eslint/no-unused-vars

src/pages/Parsing.tsx
  Line 5:48:   'useEffect' is defined but never used             @typescript-eslint/no-unused-vars
  Line 8:28:   'Alert' is defined but never used                 @typescript-eslint/no-unused-vars
  Line 103:9:  'currentFile' is assigned a value but never used  @typescript-eslint/no-unused-vars

src/pages/QuotationComparison.tsx
  Line 7:35:  'Card' is defined but never used            @typescript-eslint/no-unused-vars
  Line 7:41:  'CardContent' is defined but never used     @typescript-eslint/no-unused-vars
  Line 7:54:  'Grid' is defined but never used            @typescript-eslint/no-unused-vars
  Line 9:46:  'Tooltip' is defined but never used         @typescript-eslint/no-unused-vars
  Line 9:55:  'Divider' is defined but never used         @typescript-eslint/no-unused-vars
  Line 9:64:  'LinearProgress' is defined but never used  @typescript-eslint/no-unused-vars

src/pages/Report.tsx
  Line 7:35:  'Card' is defined but never used         @typescript-eslint/no-unused-vars
  Line 7:41:  'CardContent' is defined but never used  @typescript-eslint/no-unused-vars

src/pages/Verification.tsx
  Line 9:3:   'Alert' is defined but never used    @typescript-eslint/no-unused-vars
  Line 9:20:  'Divider' is defined but never used  @typescript-eslint/no-unused-vars
  Line 9:29:  'Tooltip' is defined but never used  @typescript-eslint/no-unused-vars

webpack compiled with 1 warning
ERROR in src/pages/ParsedDataReview.tsx:158:9
TS2769: No overload matches this call.
  Overload 1 of 2, '(props: { component: ElementType<any, keyof IntrinsicElements>; } & GridBaseProps & { sx?: SxProps<Theme> | undefined; } & SystemProps<...> & Omit<...>): Element | null', gave the following error.
    Property 'component' is missing in type '{ children: Element; item: true; xs: number; md: number; }' but required in type '{ component: ElementType<any, keyof IntrinsicElements>; }'.
  Overload 2 of 2, '(props: DefaultComponentProps<GridTypeMap<{}, "div">>): Element | null', gave the following error.
    Type '{ children: Element; item: true; xs: number; md: number; }' is not assignable to type 'IntrinsicAttributes & GridBaseProps & { sx?: SxProps<Theme> | undefined; } & SystemProps<Theme> & Omit<...>'.
      Property 'item' does not exist on type 'IntrinsicAttributes & GridBaseProps & { sx?: SxProps<Theme> | undefined; } & SystemProps<Theme> & Omit<...>'.
    156 |       <Grid container spacing={2} sx={{ mb: 3 }}>
    157 |         {/* 좌: 원본 데이터 */}
  > 158 |         <Grid item xs={12} md={6}>
        |         ^^^^^^^^^^^^^^^^^^^^^^^^^^
    159 |           <Paper sx={{ p: 2, borderRadius: 2, height: '100%' }}>
    160 |             <Typography variant="subtitle2" fontWeight={700} sx={{ mb: 1.5, color: '#003875' }}>
    161 |               📄 원본 데이터 (셀 위치)

ERROR in src/pages/ParsedDataReview.tsx:203:9
TS2769: No overload matches this call.
  Overload 1 of 2, '(props: { component: ElementType<any, keyof IntrinsicElements>; } & GridBaseProps & { sx?: SxProps<Theme> | undefined; } & SystemProps<...> & Omit<...>): Element | null', gave the following error.
    Property 'component' is missing in type '{ children: Element; item: true; xs: number; md: number; }' but required in type '{ component: ElementType<any, keyof IntrinsicElements>; }'.
  Overload 2 of 2, '(props: DefaultComponentProps<GridTypeMap<{}, "div">>): Element | null', gave the following error.
    Type '{ children: Element; item: true; xs: number; md: number; }' is not assignable to type 'IntrinsicAttributes & GridBaseProps & { sx?: SxProps<Theme> | undefined; } & SystemProps<Theme> & Omit<...>'.
      Property 'item' does not exist on type 'IntrinsicAttributes & GridBaseProps & { sx?: SxProps<Theme> | undefined; } & SystemProps<Theme> & Omit<...>'.
    201 |
    202 |         {/* 우: 구조화 트리/아코디언 */}
  > 203 |         <Grid item xs={12} md={6}>
        |         ^^^^^^^^^^^^^^^^^^^^^^^^^^
    204 |           <Paper sx={{ p: 2, borderRadius: 2, height: '100%' }}>
    205 |             <Typography variant="subtitle2" fontWeight={700} sx={{ mb: 1.5, color: '#003875' }}>
    206 |               🏗️ 구조화된 데이터 (섹션별)

ERROR in src/pages/Parsing.tsx:229:15
TS2769: No overload matches this call.
  Overload 1 of 2, '(props: { component: ElementType<any, keyof IntrinsicElements>; } & GridBaseProps & { sx?: SxProps<Theme> | undefined; } & SystemProps<...> & Omit<...>): Element | null', gave the following error.
    Property 'component' is missing in type '{ children: Element; item: true; xs: number; sm: number; }' but required in type '{ component: ElementType<any, keyof IntrinsicElements>; }'.
  Overload 2 of 2, '(props: DefaultComponentProps<GridTypeMap<{}, "div">>): Element | null', gave the following error.
    Type '{ children: Element; item: true; xs: number; sm: number; }' is not assignable to type 'IntrinsicAttributes & GridBaseProps & { sx?: SxProps<Theme> | undefined; } & SystemProps<Theme> & Omit<...>'.
      Property 'item' does not exist on type 'IntrinsicAttributes & GridBaseProps & { sx?: SxProps<Theme> | undefined; } & SystemProps<Theme> & Omit<...>'.
    227 |
    228 |             <Grid container spacing={2} sx={{ mb: 2 }}>
  > 229 |               <Grid item xs={6} sm={3}>
        |               ^^^^^^^^^^^^^^^^^^^^^^^^^
    230 |                 <Card variant="outlined" sx={{ textAlign: 'center', bgcolor: '#fff' }}>
    231 |                   <CardContent sx={{ py: 2, '&:last-child': { pb: 2 } }}>
    232 |                     <Typography variant="h3" fontWeight={700} color="#003875">{mockSummary.sheets}</Typography>

ERROR in src/pages/Parsing.tsx:237:15
TS2769: No overload matches this call.
  Overload 1 of 2, '(props: { component: ElementType<any, keyof IntrinsicElements>; } & GridBaseProps & { sx?: SxProps<Theme> | undefined; } & SystemProps<...> & Omit<...>): Element | null', gave the following error.
    Property 'component' is missing in type '{ children: Element; item: true; xs: number; sm: number; }' but required in type '{ component: ElementType<any, keyof IntrinsicElements>; }'.
  Overload 2 of 2, '(props: DefaultComponentProps<GridTypeMap<{}, "div">>): Element | null', gave the following error.
    Type '{ children: Element; item: true; xs: number; sm: number; }' is not assignable to type 'IntrinsicAttributes & GridBaseProps & { sx?: SxProps<Theme> | undefined; } & SystemProps<Theme> & Omit<...>'.
      Property 'item' does not exist on type 'IntrinsicAttributes & GridBaseProps & { sx?: SxProps<Theme> | undefined; } & SystemProps<Theme> & Omit<...>'.
    235 |                 </Card>
    236 |               </Grid>
  > 237 |               <Grid item xs={6} sm={3}>
        |               ^^^^^^^^^^^^^^^^^^^^^^^^^
    238 |                 <Card variant="outlined" sx={{ textAlign: 'center', bgcolor: '#fff' }}>
    239 |                   <CardContent sx={{ py: 2, '&:last-child': { pb: 2 } }}>
    240 |                     <Typography variant="h3" fontWeight={700} color="#003875">{mockSummary.parts}</Typography>

ERROR in src/pages/Parsing.tsx:245:15
TS2769: No overload matches this call.
  Overload 1 of 2, '(props: { component: ElementType<any, keyof IntrinsicElements>; } & GridBaseProps & { sx?: SxProps<Theme> | undefined; } & SystemProps<...> & Omit<...>): Element | null', gave the following error.
    Property 'component' is missing in type '{ children: Element; item: true; xs: number; sm: number; }' but required in type '{ component: ElementType<any, keyof IntrinsicElements>; }'.
  Overload 2 of 2, '(props: DefaultComponentProps<GridTypeMap<{}, "div">>): Element | null', gave the following error.
    Type '{ children: Element; item: true; xs: number; sm: number; }' is not assignable to type 'IntrinsicAttributes & GridBaseProps & { sx?: SxProps<Theme> | undefined; } & SystemProps<Theme> & Omit<...>'.
      Property 'item' does not exist on type 'IntrinsicAttributes & GridBaseProps & { sx?: SxProps<Theme> | undefined; } & SystemProps<Theme> & Omit<...>'.
    243 |                 </Card>
    244 |               </Grid>
  > 245 |               <Grid item xs={6} sm={3}>
        |               ^^^^^^^^^^^^^^^^^^^^^^^^^
    246 |                 <Card variant="outlined" sx={{ textAlign: 'center', bgcolor: '#fff' }}>
    247 |                   <CardContent sx={{ py: 2, '&:last-child': { pb: 2 } }}>
    248 |                     <Typography variant="h3" fontWeight={700} color="#003875">{mockSummary.sections.length}</Typography>

ERROR in src/pages/Parsing.tsx:253:15
TS2769: No overload matches this call.
  Overload 1 of 2, '(props: { component: ElementType<any, keyof IntrinsicElements>; } & GridBaseProps & { sx?: SxProps<Theme> | undefined; } & SystemProps<...> & Omit<...>): Element | null', gave the following error.
    Property 'component' is missing in type '{ children: Element; item: true; xs: number; sm: number; }' but required in type '{ component: ElementType<any, keyof IntrinsicElements>; }'.
  Overload 2 of 2, '(props: DefaultComponentProps<GridTypeMap<{}, "div">>): Element | null', gave the following error.
    Type '{ children: Element; item: true; xs: number; sm: number; }' is not assignable to type 'IntrinsicAttributes & GridBaseProps & { sx?: SxProps<Theme> | undefined; } & SystemProps<Theme> & Omit<...>'.
      Property 'item' does not exist on type 'IntrinsicAttributes & GridBaseProps & { sx?: SxProps<Theme> | undefined; } & SystemProps<Theme> & Omit<...>'.
    251 |                 </Card>
    252 |               </Grid>
  > 253 |               <Grid item xs={6} sm={3}>
        |               ^^^^^^^^^^^^^^^^^^^^^^^^^
    254 |                 <Card variant="outlined" sx={{ textAlign: 'center', bgcolor: '#fff' }}>
    255 |                   <CardContent sx={{ py: 2, '&:last-child': { pb: 2 } }}>
    256 |                     <Typography variant="h3" fontWeight={700} color="#003875">3</Typography>

ERROR in src/pages/QuotationComparison.tsx:193:34
TS2322: Type '{ children: string; fontWeight: number; }' is not assignable to type 'IntrinsicAttributes & TableCellProps'.
  Property 'fontWeight' does not exist on type 'IntrinsicAttributes & TableCellProps'.
    191 |                   {mockMaterials.map((m, i) => (
    192 |                     <TableRow key={i} sx={{ bgcolor: m.changed ? '#fff3e0' : undefined }}>
  > 193 |                       <TableCell fontWeight={600}>{m.part}</TableCell>
        |                                  ^^^^^^^^^^
    194 |                       <TableCell>{m.bidder}</TableCell>
    195 |                       <TableCell>{m.oem}</TableCell>
    196 |                       <TableCell sx={{ fontWeight: m.changed ? 700 : 400, color: m.changed ? '#e65100' : undefined }}>

ERROR in src/pages/Report.tsx:82:9
TS2769: No overload matches this call.
  Overload 1 of 2, '(props: { component: ElementType<any, keyof IntrinsicElements>; } & GridBaseProps & { sx?: SxProps<Theme> | undefined; } & SystemProps<...> & Omit<...>): Element | null', gave the following error.
    Property 'component' is missing in type '{ children: Element; item: true; xs: number; md: number; }' but required in type '{ component: ElementType<any, keyof IntrinsicElements>; }'.
  Overload 2 of 2, '(props: DefaultComponentProps<GridTypeMap<{}, "div">>): Element | null', gave the following error.
    Type '{ children: Element; item: true; xs: number; md: number; }' is not assignable to type 'IntrinsicAttributes & GridBaseProps & { sx?: SxProps<Theme> | undefined; } & SystemProps<Theme> & Omit<...>'.
      Property 'item' does not exist on type 'IntrinsicAttributes & GridBaseProps & { sx?: SxProps<Theme> | undefined; } & SystemProps<Theme> & Omit<...>'.
    80 |       <Grid container spacing={3}>
    81 |         {/* ── 검증 통과율 도넛 차트 ── */}
  > 82 |         <Grid item xs={12} md={4}>
       |         ^^^^^^^^^^^^^^^^^^^^^^^^^^
    83 |           <Paper sx={{ p: 3, borderRadius: 2, height: '100%', textAlign: 'center' }}>
    84 |             <Typography variant="subtitle1" fontWeight={700} sx={{ mb: 2 }}>검증 통과율</Typography>
    85 |             {/* CSS Donut */}

ERROR in src/pages/Report.tsx:113:9
TS2769: No overload matches this call.
  Overload 1 of 2, '(props: { component: ElementType<any, keyof IntrinsicElements>; } & GridBaseProps & { sx?: SxProps<Theme> | undefined; } & SystemProps<...> & Omit<...>): Element | null', gave the following error.
    Property 'component' is missing in type '{ children: Element; item: true; xs: number; md: number; }' but required in type '{ component: ElementType<any, keyof IntrinsicElements>; }'.
  Overload 2 of 2, '(props: DefaultComponentProps<GridTypeMap<{}, "div">>): Element | null', gave the following error.
    Type '{ children: Element; item: true; xs: number; md: number; }' is not assignable to type 'IntrinsicAttributes & GridBaseProps & { sx?: SxProps<Theme> | undefined; } & SystemProps<Theme> & Omit<...>'.
      Property 'item' does not exist on type 'IntrinsicAttributes & GridBaseProps & { sx?: SxProps<Theme> | undefined; } & SystemProps<Theme> & Omit<...>'.
    111 |
    112 |         {/* ── 주요 이슈 Top 10 ── */}
  > 113 |         <Grid item xs={12} md={8}>
        |         ^^^^^^^^^^^^^^^^^^^^^^^^^^
    114 |           <Paper sx={{ p: 0, borderRadius: 2, height: '100%', overflow: 'hidden' }}>
    115 |             <Box sx={{ p: 2, bgcolor: '#f5f7fa' }}>
    116 |               <Typography variant="subtitle1" fontWeight={700}>🔥 주요 이슈 Top 10</Typography>

ERROR in src/pages/Report.tsx:149:9
TS2769: No overload matches this call.
  Overload 1 of 2, '(props: { component: ElementType<any, keyof IntrinsicElements>; } & GridBaseProps & { sx?: SxProps<Theme> | undefined; } & SystemProps<...> & Omit<...>): Element | null', gave the following error.
    Property 'component' is missing in type '{ children: Element; item: true; xs: number; }' but required in type '{ component: ElementType<any, keyof IntrinsicElements>; }'.
  Overload 2 of 2, '(props: DefaultComponentProps<GridTypeMap<{}, "div">>): Element | null', gave the following error.
    Type '{ children: Element; item: true; xs: number; }' is not assignable to type 'IntrinsicAttributes & GridBaseProps & { sx?: SxProps<Theme> | undefined; } & SystemProps<Theme> & Omit<...>'.
      Property 'item' does not exist on type 'IntrinsicAttributes & GridBaseProps & { sx?: SxProps<Theme> | undefined; } & SystemProps<Theme> & Omit<...>'.
    147 |
    148 |         {/* ── 업체간 비교 요약 테이블 ── */}
  > 149 |         <Grid item xs={12}>
        |         ^^^^^^^^^^^^^^^^^^^
    150 |           <Paper sx={{ borderRadius: 2, overflow: 'hidden' }}>
    151 |             <Box sx={{ p: 2, bgcolor: '#f5f7fa' }}>
    152 |               <Typography variant="subtitle1" fontWeight={700}>📋 업체간 비교 요약</Typography>

ERROR in src/pages/Verification.tsx:79:11
TS2769: No overload matches this call.
  Overload 1 of 2, '(props: { component: ElementType<any, keyof IntrinsicElements>; } & GridBaseProps & { sx?: SxProps<Theme> | undefined; } & SystemProps<...> & Omit<...>): Element | null', gave the following error.
    Property 'component' is missing in type '{ children: Element; item: true; xs: number; sm: number; key: string; }' but required in type '{ component: ElementType<any, keyof IntrinsicElements>; }'.
  Overload 2 of 2, '(props: DefaultComponentProps<GridTypeMap<{}, "div">>): Element | null', gave the following error.
    Type '{ children: Element; item: true; xs: number; sm: number; key: string; }' is not assignable to type 'IntrinsicAttributes & GridBaseProps & { sx?: SxProps<Theme> | undefined; } & SystemProps<Theme> & Omit<...>'.
      Property 'item' does not exist on type 'IntrinsicAttributes & GridBaseProps & { sx?: SxProps<Theme> | undefined; } & SystemProps<Theme> & Omit<...>'.
    77 |       <Grid container spacing={2} sx={{ mb: 3 }}>
    78 |         {summaryCards.map(c => (
  > 79 |           <Grid item xs={12} sm={4} key={c.label}>
       |           ^^^^^^^^^^^^^^^^^^^^^^^^^^^^^^^^^^^^^^^^
    80 |             <Card sx={{ borderRadius: 3, border: `2px solid ${c.color}20`, bgcolor: c.bg }}>
    81 |               <CardContent sx={{ display: 'flex', alignItems: 'center', gap: 2, py: 3, '&:last-child': { pb: 3 } }}>
    82 |                 <Box sx={{ color: c.color }}>{c.icon}</Box>

Compiling...
Compiled with warnings.

[eslint] 
src/layouts/MainLayout.tsx
  Line 4:25:   'AccountCircle' is defined but never used          @typescript-eslint/no-unused-vars
  Line 10:17:  'logout' is assigned a value but never used        @typescript-eslint/no-unused-vars
  Line 11:9:   'sidebarWidth' is assigned a value but never used  @typescript-eslint/no-unused-vars

src/pages/Dashboard.tsx
  Line 5:27:  'useEffect' is defined but never used  @typescript-eslint/no-unused-vars

src/pages/History.tsx
  Line 7:52:  'IconButton' is defined but never used  @typescript-eslint/no-unused-vars

src/pages/ParsedDataReview.tsx
  Line 10:10:  'Divider' is defined but never used      @typescript-eslint/no-unused-vars
  Line 10:19:  'Card' is defined but never used         @typescript-eslint/no-unused-vars
  Line 10:25:  'CardContent' is defined but never used  @typescript-eslint/no-unused-vars

src/pages/Parsing.tsx
  Line 5:48:   'useEffect' is defined but never used             @typescript-eslint/no-unused-vars
  Line 8:28:   'Alert' is defined but never used                 @typescript-eslint/no-unused-vars
  Line 103:9:  'currentFile' is assigned a value but never used  @typescript-eslint/no-unused-vars

src/pages/QuotationComparison.tsx
  Line 7:35:  'Card' is defined but never used            @typescript-eslint/no-unused-vars
  Line 7:41:  'CardContent' is defined but never used     @typescript-eslint/no-unused-vars
  Line 7:54:  'Grid' is defined but never used            @typescript-eslint/no-unused-vars
  Line 9:46:  'Tooltip' is defined but never used         @typescript-eslint/no-unused-vars
  Line 9:55:  'Divider' is defined but never used         @typescript-eslint/no-unused-vars
  Line 9:64:  'LinearProgress' is defined but never used  @typescript-eslint/no-unused-vars

src/pages/Report.tsx
  Line 7:35:  'Card' is defined but never used         @typescript-eslint/no-unused-vars
  Line 7:41:  'CardContent' is defined but never used  @typescript-eslint/no-unused-vars

src/pages/Verification.tsx
  Line 9:3:   'Alert' is defined but never used    @typescript-eslint/no-unused-vars
  Line 9:20:  'Divider' is defined but never used  @typescript-eslint/no-unused-vars
  Line 9:29:  'Tooltip' is defined but never used  @typescript-eslint/no-unused-vars

Search for the keywords to learn more about each warning.
To ignore, add // eslint-disable-next-line to the line before.

WARNING in [eslint] 
src/layouts/MainLayout.tsx
  Line 4:25:   'AccountCircle' is defined but never used          @typescript-eslint/no-unused-vars
  Line 10:17:  'logout' is assigned a value but never used        @typescript-eslint/no-unused-vars
  Line 11:9:   'sidebarWidth' is assigned a value but never used  @typescript-eslint/no-unused-vars

src/pages/Dashboard.tsx
  Line 5:27:  'useEffect' is defined but never used  @typescript-eslint/no-unused-vars

src/pages/History.tsx
  Line 7:52:  'IconButton' is defined but never used  @typescript-eslint/no-unused-vars

src/pages/ParsedDataReview.tsx
  Line 10:10:  'Divider' is defined but never used      @typescript-eslint/no-unused-vars
  Line 10:19:  'Card' is defined but never used         @typescript-eslint/no-unused-vars
  Line 10:25:  'CardContent' is defined but never used  @typescript-eslint/no-unused-vars

src/pages/Parsing.tsx
  Line 5:48:   'useEffect' is defined but never used             @typescript-eslint/no-unused-vars
  Line 8:28:   'Alert' is defined but never used                 @typescript-eslint/no-unused-vars
  Line 103:9:  'currentFile' is assigned a value but never used  @typescript-eslint/no-unused-vars

src/pages/QuotationComparison.tsx
  Line 7:35:  'Card' is defined but never used            @typescript-eslint/no-unused-vars
  Line 7:41:  'CardContent' is defined but never used     @typescript-eslint/no-unused-vars
  Line 7:54:  'Grid' is defined but never used            @typescript-eslint/no-unused-vars
  Line 9:46:  'Tooltip' is defined but never used         @typescript-eslint/no-unused-vars
  Line 9:55:  'Divider' is defined but never used         @typescript-eslint/no-unused-vars
  Line 9:64:  'LinearProgress' is defined but never used  @typescript-eslint/no-unused-vars

src/pages/Report.tsx
  Line 7:35:  'Card' is defined but never used         @typescript-eslint/no-unused-vars
  Line 7:41:  'CardContent' is defined but never used  @typescript-eslint/no-unused-vars

src/pages/Verification.tsx
  Line 9:3:   'Alert' is defined but never used    @typescript-eslint/no-unused-vars
  Line 9:20:  'Divider' is defined but never used  @typescript-eslint/no-unused-vars
  Line 9:29:  'Tooltip' is defined but never used  @typescript-eslint/no-unused-vars

webpack compiled with 1 warning
ERROR in src/pages/ParsedDataReview.tsx:158:9
TS2769: No overload matches this call.
  Overload 1 of 2, '(props: { component: ElementType<any, keyof IntrinsicElements>; } & GridBaseProps & { sx?: SxProps<Theme> | undefined; } & SystemProps<...> & Omit<...>): Element | null', gave the following error.
    Property 'component' is missing in type '{ children: Element; item: true; xs: number; md: number; }' but required in type '{ component: ElementType<any, keyof IntrinsicElements>; }'.
  Overload 2 of 2, '(props: DefaultComponentProps<GridTypeMap<{}, "div">>): Element | null', gave the following error.
    Type '{ children: Element; item: true; xs: number; md: number; }' is not assignable to type 'IntrinsicAttributes & GridBaseProps & { sx?: SxProps<Theme> | undefined; } & SystemProps<Theme> & Omit<...>'.
      Property 'item' does not exist on type 'IntrinsicAttributes & GridBaseProps & { sx?: SxProps<Theme> | undefined; } & SystemProps<Theme> & Omit<...>'.
    156 |       <Grid container spacing={2} sx={{ mb: 3 }}>
    157 |         {/* 좌: 원본 데이터 */}
  > 158 |         <Grid item xs={12} md={6}>
        |         ^^^^^^^^^^^^^^^^^^^^^^^^^^
    159 |           <Paper sx={{ p: 2, borderRadius: 2, height: '100%' }}>
    160 |             <Typography variant="subtitle2" fontWeight={700} sx={{ mb: 1.5, color: '#003875' }}>
    161 |               📄 원본 데이터 (셀 위치)

ERROR in src/pages/ParsedDataReview.tsx:203:9
TS2769: No overload matches this call.
  Overload 1 of 2, '(props: { component: ElementType<any, keyof IntrinsicElements>; } & GridBaseProps & { sx?: SxProps<Theme> | undefined; } & SystemProps<...> & Omit<...>): Element | null', gave the following error.
    Property 'component' is missing in type '{ children: Element; item: true; xs: number; md: number; }' but required in type '{ component: ElementType<any, keyof IntrinsicElements>; }'.
  Overload 2 of 2, '(props: DefaultComponentProps<GridTypeMap<{}, "div">>): Element | null', gave the following error.
    Type '{ children: Element; item: true; xs: number; md: number; }' is not assignable to type 'IntrinsicAttributes & GridBaseProps & { sx?: SxProps<Theme> | undefined; } & SystemProps<Theme> & Omit<...>'.
      Property 'item' does not exist on type 'IntrinsicAttributes & GridBaseProps & { sx?: SxProps<Theme> | undefined; } & SystemProps<Theme> & Omit<...>'.
    201 |
    202 |         {/* 우: 구조화 트리/아코디언 */}
  > 203 |         <Grid item xs={12} md={6}>
        |         ^^^^^^^^^^^^^^^^^^^^^^^^^^
    204 |           <Paper sx={{ p: 2, borderRadius: 2, height: '100%' }}>
    205 |             <Typography variant="subtitle2" fontWeight={700} sx={{ mb: 1.5, color: '#003875' }}>
    206 |               🏗️ 구조화된 데이터 (섹션별)

ERROR in src/pages/Parsing.tsx:229:15
TS2769: No overload matches this call.
  Overload 1 of 2, '(props: { component: ElementType<any, keyof IntrinsicElements>; } & GridBaseProps & { sx?: SxProps<Theme> | undefined; } & SystemProps<...> & Omit<...>): Element | null', gave the following error.
    Property 'component' is missing in type '{ children: Element; item: true; xs: number; sm: number; }' but required in type '{ component: ElementType<any, keyof IntrinsicElements>; }'.
  Overload 2 of 2, '(props: DefaultComponentProps<GridTypeMap<{}, "div">>): Element | null', gave the following error.
    Type '{ children: Element; item: true; xs: number; sm: number; }' is not assignable to type 'IntrinsicAttributes & GridBaseProps & { sx?: SxProps<Theme> | undefined; } & SystemProps<Theme> & Omit<...>'.
      Property 'item' does not exist on type 'IntrinsicAttributes & GridBaseProps & { sx?: SxProps<Theme> | undefined; } & SystemProps<Theme> & Omit<...>'.
    227 |
    228 |             <Grid container spacing={2} sx={{ mb: 2 }}>
  > 229 |               <Grid item xs={6} sm={3}>
        |               ^^^^^^^^^^^^^^^^^^^^^^^^^
    230 |                 <Card variant="outlined" sx={{ textAlign: 'center', bgcolor: '#fff' }}>
    231 |                   <CardContent sx={{ py: 2, '&:last-child': { pb: 2 } }}>
    232 |                     <Typography variant="h3" fontWeight={700} color="#003875">{mockSummary.sheets}</Typography>

ERROR in src/pages/Parsing.tsx:237:15
TS2769: No overload matches this call.
  Overload 1 of 2, '(props: { component: ElementType<any, keyof IntrinsicElements>; } & GridBaseProps & { sx?: SxProps<Theme> | undefined; } & SystemProps<...> & Omit<...>): Element | null', gave the following error.
    Property 'component' is missing in type '{ children: Element; item: true; xs: number; sm: number; }' but required in type '{ component: ElementType<any, keyof IntrinsicElements>; }'.
  Overload 2 of 2, '(props: DefaultComponentProps<GridTypeMap<{}, "div">>): Element | null', gave the following error.
    Type '{ children: Element; item: true; xs: number; sm: number; }' is not assignable to type 'IntrinsicAttributes & GridBaseProps & { sx?: SxProps<Theme> | undefined; } & SystemProps<Theme> & Omit<...>'.
      Property 'item' does not exist on type 'IntrinsicAttributes & GridBaseProps & { sx?: SxProps<Theme> | undefined; } & SystemProps<Theme> & Omit<...>'.
    235 |                 </Card>
    236 |               </Grid>
  > 237 |               <Grid item xs={6} sm={3}>
        |               ^^^^^^^^^^^^^^^^^^^^^^^^^
    238 |                 <Card variant="outlined" sx={{ textAlign: 'center', bgcolor: '#fff' }}>
    239 |                   <CardContent sx={{ py: 2, '&:last-child': { pb: 2 } }}>
    240 |                     <Typography variant="h3" fontWeight={700} color="#003875">{mockSummary.parts}</Typography>

ERROR in src/pages/Parsing.tsx:245:15
TS2769: No overload matches this call.
  Overload 1 of 2, '(props: { component: ElementType<any, keyof IntrinsicElements>; } & GridBaseProps & { sx?: SxProps<Theme> | undefined; } & SystemProps<...> & Omit<...>): Element | null', gave the following error.
    Property 'component' is missing in type '{ children: Element; item: true; xs: number; sm: number; }' but required in type '{ component: ElementType<any, keyof IntrinsicElements>; }'.
  Overload 2 of 2, '(props: DefaultComponentProps<GridTypeMap<{}, "div">>): Element | null', gave the following error.
    Type '{ children: Element; item: true; xs: number; sm: number; }' is not assignable to type 'IntrinsicAttributes & GridBaseProps & { sx?: SxProps<Theme> | undefined; } & SystemProps<Theme> & Omit<...>'.
      Property 'item' does not exist on type 'IntrinsicAttributes & GridBaseProps & { sx?: SxProps<Theme> | undefined; } & SystemProps<Theme> & Omit<...>'.
    243 |                 </Card>
    244 |               </Grid>
  > 245 |               <Grid item xs={6} sm={3}>
        |               ^^^^^^^^^^^^^^^^^^^^^^^^^
    246 |                 <Card variant="outlined" sx={{ textAlign: 'center', bgcolor: '#fff' }}>
    247 |                   <CardContent sx={{ py: 2, '&:last-child': { pb: 2 } }}>
    248 |                     <Typography variant="h3" fontWeight={700} color="#003875">{mockSummary.sections.length}</Typography>

ERROR in src/pages/Parsing.tsx:253:15
TS2769: No overload matches this call.
  Overload 1 of 2, '(props: { component: ElementType<any, keyof IntrinsicElements>; } & GridBaseProps & { sx?: SxProps<Theme> | undefined; } & SystemProps<...> & Omit<...>): Element | null', gave the following error.
    Property 'component' is missing in type '{ children: Element; item: true; xs: number; sm: number; }' but required in type '{ component: ElementType<any, keyof IntrinsicElements>; }'.
  Overload 2 of 2, '(props: DefaultComponentProps<GridTypeMap<{}, "div">>): Element | null', gave the following error.
    Type '{ children: Element; item: true; xs: number; sm: number; }' is not assignable to type 'IntrinsicAttributes & GridBaseProps & { sx?: SxProps<Theme> | undefined; } & SystemProps<Theme> & Omit<...>'.
      Property 'item' does not exist on type 'IntrinsicAttributes & GridBaseProps & { sx?: SxProps<Theme> | undefined; } & SystemProps<Theme> & Omit<...>'.
    251 |                 </Card>
    252 |               </Grid>
  > 253 |               <Grid item xs={6} sm={3}>
        |               ^^^^^^^^^^^^^^^^^^^^^^^^^
    254 |                 <Card variant="outlined" sx={{ textAlign: 'center', bgcolor: '#fff' }}>
    255 |                   <CardContent sx={{ py: 2, '&:last-child': { pb: 2 } }}>
    256 |                     <Typography variant="h3" fontWeight={700} color="#003875">3</Typography>

ERROR in src/pages/QuotationComparison.tsx:193:34
TS2322: Type '{ children: string; fontWeight: number; }' is not assignable to type 'IntrinsicAttributes & TableCellProps'.
  Property 'fontWeight' does not exist on type 'IntrinsicAttributes & TableCellProps'.
    191 |                   {mockMaterials.map((m, i) => (
    192 |                     <TableRow key={i} sx={{ bgcolor: m.changed ? '#fff3e0' : undefined }}>
  > 193 |                       <TableCell fontWeight={600}>{m.part}</TableCell>
        |                                  ^^^^^^^^^^
    194 |                       <TableCell>{m.bidder}</TableCell>
    195 |                       <TableCell>{m.oem}</TableCell>
    196 |                       <TableCell sx={{ fontWeight: m.changed ? 700 : 400, color: m.changed ? '#e65100' : undefined }}>

ERROR in src/pages/Report.tsx:82:9
TS2769: No overload matches this call.
  Overload 1 of 2, '(props: { component: ElementType<any, keyof IntrinsicElements>; } & GridBaseProps & { sx?: SxProps<Theme> | undefined; } & SystemProps<...> & Omit<...>): Element | null', gave the following error.
    Property 'component' is missing in type '{ children: Element; item: true; xs: number; md: number; }' but required in type '{ component: ElementType<any, keyof IntrinsicElements>; }'.
  Overload 2 of 2, '(props: DefaultComponentProps<GridTypeMap<{}, "div">>): Element | null', gave the following error.
    Type '{ children: Element; item: true; xs: number; md: number; }' is not assignable to type 'IntrinsicAttributes & GridBaseProps & { sx?: SxProps<Theme> | undefined; } & SystemProps<Theme> & Omit<...>'.
      Property 'item' does not exist on type 'IntrinsicAttributes & GridBaseProps & { sx?: SxProps<Theme> | undefined; } & SystemProps<Theme> & Omit<...>'.
    80 |       <Grid container spacing={3}>
    81 |         {/* ── 검증 통과율 도넛 차트 ── */}
  > 82 |         <Grid item xs={12} md={4}>
       |         ^^^^^^^^^^^^^^^^^^^^^^^^^^
    83 |           <Paper sx={{ p: 3, borderRadius: 2, height: '100%', textAlign: 'center' }}>
    84 |             <Typography variant="subtitle1" fontWeight={700} sx={{ mb: 2 }}>검증 통과율</Typography>
    85 |             {/* CSS Donut */}

ERROR in src/pages/Report.tsx:113:9
TS2769: No overload matches this call.
  Overload 1 of 2, '(props: { component: ElementType<any, keyof IntrinsicElements>; } & GridBaseProps & { sx?: SxProps<Theme> | undefined; } & SystemProps<...> & Omit<...>): Element | null', gave the following error.
    Property 'component' is missing in type '{ children: Element; item: true; xs: number; md: number; }' but required in type '{ component: ElementType<any, keyof IntrinsicElements>; }'.
  Overload 2 of 2, '(props: DefaultComponentProps<GridTypeMap<{}, "div">>): Element | null', gave the following error.
    Type '{ children: Element; item: true; xs: number; md: number; }' is not assignable to type 'IntrinsicAttributes & GridBaseProps & { sx?: SxProps<Theme> | undefined; } & SystemProps<Theme> & Omit<...>'.
      Property 'item' does not exist on type 'IntrinsicAttributes & GridBaseProps & { sx?: SxProps<Theme> | undefined; } & SystemProps<Theme> & Omit<...>'.
    111 |
    112 |         {/* ── 주요 이슈 Top 10 ── */}
  > 113 |         <Grid item xs={12} md={8}>
        |         ^^^^^^^^^^^^^^^^^^^^^^^^^^
    114 |           <Paper sx={{ p: 0, borderRadius: 2, height: '100%', overflow: 'hidden' }}>
    115 |             <Box sx={{ p: 2, bgcolor: '#f5f7fa' }}>
    116 |               <Typography variant="subtitle1" fontWeight={700}>🔥 주요 이슈 Top 10</Typography>

ERROR in src/pages/Report.tsx:149:9
TS2769: No overload matches this call.
  Overload 1 of 2, '(props: { component: ElementType<any, keyof IntrinsicElements>; } & GridBaseProps & { sx?: SxProps<Theme> | undefined; } & SystemProps<...> & Omit<...>): Element | null', gave the following error.
    Property 'component' is missing in type '{ children: Element; item: true; xs: number; }' but required in type '{ component: ElementType<any, keyof IntrinsicElements>; }'.
  Overload 2 of 2, '(props: DefaultComponentProps<GridTypeMap<{}, "div">>): Element | null', gave the following error.
    Type '{ children: Element; item: true; xs: number; }' is not assignable to type 'IntrinsicAttributes & GridBaseProps & { sx?: SxProps<Theme> | undefined; } & SystemProps<Theme> & Omit<...>'.
      Property 'item' does not exist on type 'IntrinsicAttributes & GridBaseProps & { sx?: SxProps<Theme> | undefined; } & SystemProps<Theme> & Omit<...>'.
    147 |
    148 |         {/* ── 업체간 비교 요약 테이블 ── */}
  > 149 |         <Grid item xs={12}>
        |         ^^^^^^^^^^^^^^^^^^^
    150 |           <Paper sx={{ borderRadius: 2, overflow: 'hidden' }}>
    151 |             <Box sx={{ p: 2, bgcolor: '#f5f7fa' }}>
    152 |               <Typography variant="subtitle1" fontWeight={700}>📋 업체간 비교 요약</Typography>

ERROR in src/pages/Verification.tsx:79:11
TS2769: No overload matches this call.
  Overload 1 of 2, '(props: { component: ElementType<any, keyof IntrinsicElements>; } & GridBaseProps & { sx?: SxProps<Theme> | undefined; } & SystemProps<...> & Omit<...>): Element | null', gave the following error.
    Property 'component' is missing in type '{ children: Element; item: true; xs: number; sm: number; key: string; }' but required in type '{ component: ElementType<any, keyof IntrinsicElements>; }'.
  Overload 2 of 2, '(props: DefaultComponentProps<GridTypeMap<{}, "div">>): Element | null', gave the following error.
    Type '{ children: Element; item: true; xs: number; sm: number; key: string; }' is not assignable to type 'IntrinsicAttributes & GridBaseProps & { sx?: SxProps<Theme> | undefined; } & SystemProps<Theme> & Omit<...>'.
      Property 'item' does not exist on type 'IntrinsicAttributes & GridBaseProps & { sx?: SxProps<Theme> | undefined; } & SystemProps<Theme> & Omit<...>'.
    77 |       <Grid container spacing={2} sx={{ mb: 3 }}>
    78 |         {summaryCards.map(c => (
  > 79 |           <Grid item xs={12} sm={4} key={c.label}>
       |           ^^^^^^^^^^^^^^^^^^^^^^^^^^^^^^^^^^^^^^^^
    80 |             <Card sx={{ borderRadius: 3, border: `2px solid ${c.color}20`, bgcolor: c.bg }}>
    81 |               <CardContent sx={{ display: 'flex', alignItems: 'center', gap: 2, py: 3, '&:last-child': { pb: 3 } }}>
    82 |                 <Box sx={{ color: c.color }}>{c.icon}</Box>

Compiling...
Compiled with warnings.

[eslint] 
src/layouts/MainLayout.tsx
  Line 4:25:   'AccountCircle' is defined but never used          @typescript-eslint/no-unused-vars
  Line 10:17:  'logout' is assigned a value but never used        @typescript-eslint/no-unused-vars
  Line 11:9:   'sidebarWidth' is assigned a value but never used  @typescript-eslint/no-unused-vars

src/pages/Dashboard.tsx
  Line 5:27:  'useEffect' is defined but never used  @typescript-eslint/no-unused-vars

src/pages/History.tsx
  Line 7:52:  'IconButton' is defined but never used  @typescript-eslint/no-unused-vars

src/pages/ParsedDataReview.tsx
  Line 10:10:  'Divider' is defined but never used      @typescript-eslint/no-unused-vars
  Line 10:19:  'Card' is defined but never used         @typescript-eslint/no-unused-vars
  Line 10:25:  'CardContent' is defined but never used  @typescript-eslint/no-unused-vars

src/pages/Parsing.tsx
  Line 5:48:   'useEffect' is defined but never used             @typescript-eslint/no-unused-vars
  Line 8:28:   'Alert' is defined but never used                 @typescript-eslint/no-unused-vars
  Line 103:9:  'currentFile' is assigned a value but never used  @typescript-eslint/no-unused-vars

src/pages/QuotationComparison.tsx
  Line 7:35:  'Card' is defined but never used            @typescript-eslint/no-unused-vars
  Line 7:41:  'CardContent' is defined but never used     @typescript-eslint/no-unused-vars
  Line 7:54:  'Grid' is defined but never used            @typescript-eslint/no-unused-vars
  Line 9:46:  'Tooltip' is defined but never used         @typescript-eslint/no-unused-vars
  Line 9:55:  'Divider' is defined but never used         @typescript-eslint/no-unused-vars
  Line 9:64:  'LinearProgress' is defined but never used  @typescript-eslint/no-unused-vars

src/pages/Report.tsx
  Line 7:35:  'Card' is defined but never used         @typescript-eslint/no-unused-vars
  Line 7:41:  'CardContent' is defined but never used  @typescript-eslint/no-unused-vars

src/pages/Verification.tsx
  Line 9:3:   'Alert' is defined but never used    @typescript-eslint/no-unused-vars
  Line 9:20:  'Divider' is defined but never used  @typescript-eslint/no-unused-vars
  Line 9:29:  'Tooltip' is defined but never used  @typescript-eslint/no-unused-vars

Search for the keywords to learn more about each warning.
To ignore, add // eslint-disable-next-line to the line before.

WARNING in [eslint] 
src/layouts/MainLayout.tsx
  Line 4:25:   'AccountCircle' is defined but never used          @typescript-eslint/no-unused-vars
  Line 10:17:  'logout' is assigned a value but never used        @typescript-eslint/no-unused-vars
  Line 11:9:   'sidebarWidth' is assigned a value but never used  @typescript-eslint/no-unused-vars

src/pages/Dashboard.tsx
  Line 5:27:  'useEffect' is defined but never used  @typescript-eslint/no-unused-vars

src/pages/History.tsx
  Line 7:52:  'IconButton' is defined but never used  @typescript-eslint/no-unused-vars

src/pages/ParsedDataReview.tsx
  Line 10:10:  'Divider' is defined but never used      @typescript-eslint/no-unused-vars
  Line 10:19:  'Card' is defined but never used         @typescript-eslint/no-unused-vars
  Line 10:25:  'CardContent' is defined but never used  @typescript-eslint/no-unused-vars

src/pages/Parsing.tsx
  Line 5:48:   'useEffect' is defined but never used             @typescript-eslint/no-unused-vars
  Line 8:28:   'Alert' is defined but never used                 @typescript-eslint/no-unused-vars
  Line 103:9:  'currentFile' is assigned a value but never used  @typescript-eslint/no-unused-vars

src/pages/QuotationComparison.tsx
  Line 7:35:  'Card' is defined but never used            @typescript-eslint/no-unused-vars
  Line 7:41:  'CardContent' is defined but never used     @typescript-eslint/no-unused-vars
  Line 7:54:  'Grid' is defined but never used            @typescript-eslint/no-unused-vars
  Line 9:46:  'Tooltip' is defined but never used         @typescript-eslint/no-unused-vars
  Line 9:55:  'Divider' is defined but never used         @typescript-eslint/no-unused-vars
  Line 9:64:  'LinearProgress' is defined but never used  @typescript-eslint/no-unused-vars

src/pages/Report.tsx
  Line 7:35:  'Card' is defined but never used         @typescript-eslint/no-unused-vars
  Line 7:41:  'CardContent' is defined but never used  @typescript-eslint/no-unused-vars

src/pages/Verification.tsx
  Line 9:3:   'Alert' is defined but never used    @typescript-eslint/no-unused-vars
  Line 9:20:  'Divider' is defined but never used  @typescript-eslint/no-unused-vars
  Line 9:29:  'Tooltip' is defined but never used  @typescript-eslint/no-unused-vars

webpack compiled with 1 warning
ERROR in src/pages/QuotationComparison.tsx:193:34
TS2322: Type '{ children: string; fontWeight: number; }' is not assignable to type 'IntrinsicAttributes & TableCellProps'.
  Property 'fontWeight' does not exist on type 'IntrinsicAttributes & TableCellProps'.
    191 |                   {mockMaterials.map((m, i) => (
    192 |                     <TableRow key={i} sx={{ bgcolor: m.changed ? '#fff3e0' : undefined }}>
  > 193 |                       <TableCell fontWeight={600}>{m.part}</TableCell>
        |                                  ^^^^^^^^^^
    194 |                       <TableCell>{m.bidder}</TableCell>
    195 |                       <TableCell>{m.oem}</TableCell>
    196 |                       <TableCell sx={{ fontWeight: m.changed ? 700 : 400, color: m.changed ? '#e65100' : undefined }}>

Compiling...
Compiled with warnings.

[eslint] 
src/layouts/MainLayout.tsx
  Line 4:25:   'AccountCircle' is defined but never used          @typescript-eslint/no-unused-vars
  Line 10:17:  'logout' is assigned a value but never used        @typescript-eslint/no-unused-vars
  Line 11:9:   'sidebarWidth' is assigned a value but never used  @typescript-eslint/no-unused-vars

src/pages/Dashboard.tsx
  Line 5:27:  'useEffect' is defined but never used  @typescript-eslint/no-unused-vars

src/pages/History.tsx
  Line 7:52:  'IconButton' is defined but never used  @typescript-eslint/no-unused-vars

src/pages/ParsedDataReview.tsx
  Line 10:10:  'Divider' is defined but never used      @typescript-eslint/no-unused-vars
  Line 10:19:  'Card' is defined but never used         @typescript-eslint/no-unused-vars
  Line 10:25:  'CardContent' is defined but never used  @typescript-eslint/no-unused-vars

src/pages/Parsing.tsx
  Line 5:48:   'useEffect' is defined but never used             @typescript-eslint/no-unused-vars
  Line 8:28:   'Alert' is defined but never used                 @typescript-eslint/no-unused-vars
  Line 103:9:  'currentFile' is assigned a value but never used  @typescript-eslint/no-unused-vars

src/pages/QuotationComparison.tsx
  Line 7:35:  'Card' is defined but never used            @typescript-eslint/no-unused-vars
  Line 7:41:  'CardContent' is defined but never used     @typescript-eslint/no-unused-vars
  Line 7:54:  'Grid' is defined but never used            @typescript-eslint/no-unused-vars
  Line 9:46:  'Tooltip' is defined but never used         @typescript-eslint/no-unused-vars
  Line 9:55:  'Divider' is defined but never used         @typescript-eslint/no-unused-vars
  Line 9:64:  'LinearProgress' is defined but never used  @typescript-eslint/no-unused-vars

src/pages/Report.tsx
  Line 7:35:  'Card' is defined but never used         @typescript-eslint/no-unused-vars
  Line 7:41:  'CardContent' is defined but never used  @typescript-eslint/no-unused-vars

src/pages/Verification.tsx
  Line 9:3:   'Alert' is defined but never used    @typescript-eslint/no-unused-vars
  Line 9:20:  'Divider' is defined but never used  @typescript-eslint/no-unused-vars
  Line 9:29:  'Tooltip' is defined but never used  @typescript-eslint/no-unused-vars

Search for the keywords to learn more about each warning.
To ignore, add // eslint-disable-next-line to the line before.

WARNING in [eslint] 
src/layouts/MainLayout.tsx
  Line 4:25:   'AccountCircle' is defined but never used          @typescript-eslint/no-unused-vars
  Line 10:17:  'logout' is assigned a value but never used        @typescript-eslint/no-unused-vars
  Line 11:9:   'sidebarWidth' is assigned a value but never used  @typescript-eslint/no-unused-vars

src/pages/Dashboard.tsx
  Line 5:27:  'useEffect' is defined but never used  @typescript-eslint/no-unused-vars

src/pages/History.tsx
  Line 7:52:  'IconButton' is defined but never used  @typescript-eslint/no-unused-vars

src/pages/ParsedDataReview.tsx
  Line 10:10:  'Divider' is defined but never used      @typescript-eslint/no-unused-vars
  Line 10:19:  'Card' is defined but never used         @typescript-eslint/no-unused-vars
  Line 10:25:  'CardContent' is defined but never used  @typescript-eslint/no-unused-vars

src/pages/Parsing.tsx
  Line 5:48:   'useEffect' is defined but never used             @typescript-eslint/no-unused-vars
  Line 8:28:   'Alert' is defined but never used                 @typescript-eslint/no-unused-vars
  Line 103:9:  'currentFile' is assigned a value but never used  @typescript-eslint/no-unused-vars

src/pages/QuotationComparison.tsx
  Line 7:35:  'Card' is defined but never used            @typescript-eslint/no-unused-vars
  Line 7:41:  'CardContent' is defined but never used     @typescript-eslint/no-unused-vars
  Line 7:54:  'Grid' is defined but never used            @typescript-eslint/no-unused-vars
  Line 9:46:  'Tooltip' is defined but never used         @typescript-eslint/no-unused-vars
  Line 9:55:  'Divider' is defined but never used         @typescript-eslint/no-unused-vars
  Line 9:64:  'LinearProgress' is defined but never used  @typescript-eslint/no-unused-vars

src/pages/Report.tsx
  Line 7:35:  'Card' is defined but never used         @typescript-eslint/no-unused-vars
  Line 7:41:  'CardContent' is defined but never used  @typescript-eslint/no-unused-vars

src/pages/Verification.tsx
  Line 9:3:   'Alert' is defined but never used    @typescript-eslint/no-unused-vars
  Line 9:20:  'Divider' is defined but never used  @typescript-eslint/no-unused-vars
  Line 9:29:  'Tooltip' is defined but never used  @typescript-eslint/no-unused-vars

webpack compiled with 1 warning
No issues found.
Compiling...
Compiled with warnings.

[eslint] 
src/layouts/MainLayout.tsx
  Line 4:25:   'AccountCircle' is defined but never used          @typescript-eslint/no-unused-vars
  Line 10:17:  'logout' is assigned a value but never used        @typescript-eslint/no-unused-vars
  Line 11:9:   'sidebarWidth' is assigned a value but never used  @typescript-eslint/no-unused-vars

src/pages/Dashboard.tsx
  Line 5:27:  'useEffect' is defined but never used  @typescript-eslint/no-unused-vars

src/pages/History.tsx
  Line 7:52:  'IconButton' is defined but never used  @typescript-eslint/no-unused-vars

src/pages/ParsedDataReview.tsx
  Line 10:10:  'Divider' is defined but never used      @typescript-eslint/no-unused-vars
  Line 10:19:  'Card' is defined but never used         @typescript-eslint/no-unused-vars
  Line 10:25:  'CardContent' is defined but never used  @typescript-eslint/no-unused-vars

src/pages/Parsing.tsx
  Line 5:48:   'useEffect' is defined but never used             @typescript-eslint/no-unused-vars
  Line 8:28:   'Alert' is defined but never used                 @typescript-eslint/no-unused-vars
  Line 103:9:  'currentFile' is assigned a value but never used  @typescript-eslint/no-unused-vars

src/pages/QuotationComparison.tsx
  Line 7:35:  'Card' is defined but never used            @typescript-eslint/no-unused-vars
  Line 7:41:  'CardContent' is defined but never used     @typescript-eslint/no-unused-vars
  Line 7:54:  'Grid' is defined but never used            @typescript-eslint/no-unused-vars
  Line 9:46:  'Tooltip' is defined but never used         @typescript-eslint/no-unused-vars
  Line 9:55:  'Divider' is defined but never used         @typescript-eslint/no-unused-vars
  Line 9:64:  'LinearProgress' is defined but never used  @typescript-eslint/no-unused-vars

src/pages/Report.tsx
  Line 7:35:  'Card' is defined but never used         @typescript-eslint/no-unused-vars
  Line 7:41:  'CardContent' is defined but never used  @typescript-eslint/no-unused-vars

src/pages/Verification.tsx
  Line 9:3:   'Alert' is defined but never used    @typescript-eslint/no-unused-vars
  Line 9:20:  'Divider' is defined but never used  @typescript-eslint/no-unused-vars
  Line 9:29:  'Tooltip' is defined but never used  @typescript-eslint/no-unused-vars

Search for the keywords to learn more about each warning.
To ignore, add // eslint-disable-next-line to the line before.

WARNING in [eslint] 
src/layouts/MainLayout.tsx
  Line 4:25:   'AccountCircle' is defined but never used          @typescript-eslint/no-unused-vars
  Line 10:17:  'logout' is assigned a value but never used        @typescript-eslint/no-unused-vars
  Line 11:9:   'sidebarWidth' is assigned a value but never used  @typescript-eslint/no-unused-vars

src/pages/Dashboard.tsx
  Line 5:27:  'useEffect' is defined but never used  @typescript-eslint/no-unused-vars

src/pages/History.tsx
  Line 7:52:  'IconButton' is defined but never used  @typescript-eslint/no-unused-vars

src/pages/ParsedDataReview.tsx
  Line 10:10:  'Divider' is defined but never used      @typescript-eslint/no-unused-vars
  Line 10:19:  'Card' is defined but never used         @typescript-eslint/no-unused-vars
  Line 10:25:  'CardContent' is defined but never used  @typescript-eslint/no-unused-vars

src/pages/Parsing.tsx
  Line 5:48:   'useEffect' is defined but never used             @typescript-eslint/no-unused-vars
  Line 8:28:   'Alert' is defined but never used                 @typescript-eslint/no-unused-vars
  Line 103:9:  'currentFile' is assigned a value but never used  @typescript-eslint/no-unused-vars

src/pages/QuotationComparison.tsx
  Line 7:35:  'Card' is defined but never used            @typescript-eslint/no-unused-vars
  Line 7:41:  'CardContent' is defined but never used     @typescript-eslint/no-unused-vars
  Line 7:54:  'Grid' is defined but never used            @typescript-eslint/no-unused-vars
  Line 9:46:  'Tooltip' is defined but never used         @typescript-eslint/no-unused-vars
  Line 9:55:  'Divider' is defined but never used         @typescript-eslint/no-unused-vars
  Line 9:64:  'LinearProgress' is defined but never used  @typescript-eslint/no-unused-vars

src/pages/Report.tsx
  Line 7:35:  'Card' is defined but never used         @typescript-eslint/no-unused-vars
  Line 7:41:  'CardContent' is defined but never used  @typescript-eslint/no-unused-vars

src/pages/Verification.tsx
  Line 9:3:   'Alert' is defined but never used    @typescript-eslint/no-unused-vars
  Line 9:20:  'Divider' is defined but never used  @typescript-eslint/no-unused-vars
  Line 9:29:  'Tooltip' is defined but never used  @typescript-eslint/no-unused-vars

webpack compiled with 1 warning
No issues found.
Compiling...
Compiled with warnings.

[eslint] 
src/layouts/MainLayout.tsx
  Line 4:25:   'AccountCircle' is defined but never used          @typescript-eslint/no-unused-vars
  Line 10:17:  'logout' is assigned a value but never used        @typescript-eslint/no-unused-vars
  Line 11:9:   'sidebarWidth' is assigned a value but never used  @typescript-eslint/no-unused-vars

src/pages/Dashboard.tsx
  Line 5:27:  'useEffect' is defined but never used  @typescript-eslint/no-unused-vars

src/pages/History.tsx
  Line 7:52:  'IconButton' is defined but never used  @typescript-eslint/no-unused-vars

src/pages/ParsedDataReview.tsx
  Line 10:10:  'Divider' is defined but never used      @typescript-eslint/no-unused-vars
  Line 10:19:  'Card' is defined but never used         @typescript-eslint/no-unused-vars
  Line 10:25:  'CardContent' is defined but never used  @typescript-eslint/no-unused-vars

src/pages/Parsing.tsx
  Line 5:48:   'useEffect' is defined but never used             @typescript-eslint/no-unused-vars
  Line 8:28:   'Alert' is defined but never used                 @typescript-eslint/no-unused-vars
  Line 103:9:  'currentFile' is assigned a value but never used  @typescript-eslint/no-unused-vars

src/pages/QuotationComparison.tsx
  Line 7:35:  'Card' is defined but never used            @typescript-eslint/no-unused-vars
  Line 7:41:  'CardContent' is defined but never used     @typescript-eslint/no-unused-vars
  Line 7:54:  'Grid' is defined but never used            @typescript-eslint/no-unused-vars
  Line 9:46:  'Tooltip' is defined but never used         @typescript-eslint/no-unused-vars
  Line 9:55:  'Divider' is defined but never used         @typescript-eslint/no-unused-vars
  Line 9:64:  'LinearProgress' is defined but never used  @typescript-eslint/no-unused-vars

src/pages/Report.tsx
  Line 7:35:  'Card' is defined but never used         @typescript-eslint/no-unused-vars
  Line 7:41:  'CardContent' is defined but never used  @typescript-eslint/no-unused-vars

src/pages/Verification.tsx
  Line 9:3:   'Alert' is defined but never used    @typescript-eslint/no-unused-vars
  Line 9:20:  'Divider' is defined but never used  @typescript-eslint/no-unused-vars
  Line 9:29:  'Tooltip' is defined but never used  @typescript-eslint/no-unused-vars

Search for the keywords to learn more about each warning.
To ignore, add // eslint-disable-next-line to the line before.

WARNING in [eslint] 
src/layouts/MainLayout.tsx
  Line 4:25:   'AccountCircle' is defined but never used          @typescript-eslint/no-unused-vars
  Line 10:17:  'logout' is assigned a value but never used        @typescript-eslint/no-unused-vars
  Line 11:9:   'sidebarWidth' is assigned a value but never used  @typescript-eslint/no-unused-vars

src/pages/Dashboard.tsx
  Line 5:27:  'useEffect' is defined but never used  @typescript-eslint/no-unused-vars

src/pages/History.tsx
  Line 7:52:  'IconButton' is defined but never used  @typescript-eslint/no-unused-vars

src/pages/ParsedDataReview.tsx
  Line 10:10:  'Divider' is defined but never used      @typescript-eslint/no-unused-vars
  Line 10:19:  'Card' is defined but never used         @typescript-eslint/no-unused-vars
  Line 10:25:  'CardContent' is defined but never used  @typescript-eslint/no-unused-vars

src/pages/Parsing.tsx
  Line 5:48:   'useEffect' is defined but never used             @typescript-eslint/no-unused-vars
  Line 8:28:   'Alert' is defined but never used                 @typescript-eslint/no-unused-vars
  Line 103:9:  'currentFile' is assigned a value but never used  @typescript-eslint/no-unused-vars

src/pages/QuotationComparison.tsx
  Line 7:35:  'Card' is defined but never used            @typescript-eslint/no-unused-vars
  Line 7:41:  'CardContent' is defined but never used     @typescript-eslint/no-unused-vars
  Line 7:54:  'Grid' is defined but never used            @typescript-eslint/no-unused-vars
  Line 9:46:  'Tooltip' is defined but never used         @typescript-eslint/no-unused-vars
  Line 9:55:  'Divider' is defined but never used         @typescript-eslint/no-unused-vars
  Line 9:64:  'LinearProgress' is defined but never used  @typescript-eslint/no-unused-vars

src/pages/Report.tsx
  Line 7:35:  'Card' is defined but never used         @typescript-eslint/no-unused-vars
  Line 7:41:  'CardContent' is defined but never used  @typescript-eslint/no-unused-vars

src/pages/Verification.tsx
  Line 9:3:   'Alert' is defined but never used    @typescript-eslint/no-unused-vars
  Line 9:20:  'Divider' is defined but never used  @typescript-eslint/no-unused-vars
  Line 9:29:  'Tooltip' is defined but never used  @typescript-eslint/no-unused-vars

webpack compiled with 1 warning
No issues found.
Compiling...
Compiled with warnings.

[eslint] 
src/layouts/MainLayout.tsx
  Line 4:25:   'AccountCircle' is defined but never used          @typescript-eslint/no-unused-vars
  Line 10:17:  'logout' is assigned a value but never used        @typescript-eslint/no-unused-vars
  Line 11:9:   'sidebarWidth' is assigned a value but never used  @typescript-eslint/no-unused-vars

src/pages/Dashboard.tsx
  Line 5:27:  'useEffect' is defined but never used  @typescript-eslint/no-unused-vars

src/pages/History.tsx
  Line 7:52:  'IconButton' is defined but never used  @typescript-eslint/no-unused-vars

src/pages/ParsedDataReview.tsx
  Line 10:10:  'Divider' is defined but never used      @typescript-eslint/no-unused-vars
  Line 10:19:  'Card' is defined but never used         @typescript-eslint/no-unused-vars
  Line 10:25:  'CardContent' is defined but never used  @typescript-eslint/no-unused-vars

src/pages/Parsing.tsx
  Line 5:48:   'useEffect' is defined but never used             @typescript-eslint/no-unused-vars
  Line 8:28:   'Alert' is defined but never used                 @typescript-eslint/no-unused-vars
  Line 103:9:  'currentFile' is assigned a value but never used  @typescript-eslint/no-unused-vars

src/pages/QuotationComparison.tsx
  Line 7:35:  'Card' is defined but never used            @typescript-eslint/no-unused-vars
  Line 7:41:  'CardContent' is defined but never used     @typescript-eslint/no-unused-vars
  Line 7:54:  'Grid' is defined but never used            @typescript-eslint/no-unused-vars
  Line 9:46:  'Tooltip' is defined but never used         @typescript-eslint/no-unused-vars
  Line 9:55:  'Divider' is defined but never used         @typescript-eslint/no-unused-vars
  Line 9:64:  'LinearProgress' is defined but never used  @typescript-eslint/no-unused-vars

src/pages/Report.tsx
  Line 7:35:  'Card' is defined but never used         @typescript-eslint/no-unused-vars
  Line 7:41:  'CardContent' is defined but never used  @typescript-eslint/no-unused-vars

src/pages/Verification.tsx
  Line 9:3:   'Alert' is defined but never used    @typescript-eslint/no-unused-vars
  Line 9:20:  'Divider' is defined but never used  @typescript-eslint/no-unused-vars
  Line 9:29:  'Tooltip' is defined but never used  @typescript-eslint/no-unused-vars

Search for the keywords to learn more about each warning.
To ignore, add // eslint-disable-next-line to the line before.

WARNING in [eslint] 
src/layouts/MainLayout.tsx
  Line 4:25:   'AccountCircle' is defined but never used          @typescript-eslint/no-unused-vars
  Line 10:17:  'logout' is assigned a value but never used        @typescript-eslint/no-unused-vars
  Line 11:9:   'sidebarWidth' is assigned a value but never used  @typescript-eslint/no-unused-vars

src/pages/Dashboard.tsx
  Line 5:27:  'useEffect' is defined but never used  @typescript-eslint/no-unused-vars

src/pages/History.tsx
  Line 7:52:  'IconButton' is defined but never used  @typescript-eslint/no-unused-vars

src/pages/ParsedDataReview.tsx
  Line 10:10:  'Divider' is defined but never used      @typescript-eslint/no-unused-vars
  Line 10:19:  'Card' is defined but never used         @typescript-eslint/no-unused-vars
  Line 10:25:  'CardContent' is defined but never used  @typescript-eslint/no-unused-vars

src/pages/Parsing.tsx
  Line 5:48:   'useEffect' is defined but never used             @typescript-eslint/no-unused-vars
  Line 8:28:   'Alert' is defined but never used                 @typescript-eslint/no-unused-vars
  Line 103:9:  'currentFile' is assigned a value but never used  @typescript-eslint/no-unused-vars

src/pages/QuotationComparison.tsx
  Line 7:35:  'Card' is defined but never used            @typescript-eslint/no-unused-vars
  Line 7:41:  'CardContent' is defined but never used     @typescript-eslint/no-unused-vars
  Line 7:54:  'Grid' is defined but never used            @typescript-eslint/no-unused-vars
  Line 9:46:  'Tooltip' is defined but never used         @typescript-eslint/no-unused-vars
  Line 9:55:  'Divider' is defined but never used         @typescript-eslint/no-unused-vars
  Line 9:64:  'LinearProgress' is defined but never used  @typescript-eslint/no-unused-vars

src/pages/Report.tsx
  Line 7:35:  'Card' is defined but never used         @typescript-eslint/no-unused-vars
  Line 7:41:  'CardContent' is defined but never used  @typescript-eslint/no-unused-vars

src/pages/Verification.tsx
  Line 9:3:   'Alert' is defined but never used    @typescript-eslint/no-unused-vars
  Line 9:20:  'Divider' is defined but never used  @typescript-eslint/no-unused-vars
  Line 9:29:  'Tooltip' is defined but never used  @typescript-eslint/no-unused-vars

webpack compiled with 1 warning
ERROR in src/pages/Analysis.tsx:323:18
TS2552: Cannot find name 'Alert'. Did you mean 'alert'?
    321 |               {/* 추가 비고 */}
    322 |               {selectedCell.note && selectedCell.expected !== undefined && (
  > 323 |                 <Alert severity={selectedCell.status === 'fail' ? 'error' : selectedCell.status === 'warning' ? 'warning' : 'info'} sx={{ mt: 2 }}>
        |                  ^^^^^
    324 |                   {selectedCell.note}
    325 |                 </Alert>
    326 |               )}

ERROR in src/pages/Analysis.tsx:325:19
TS2552: Cannot find name 'Alert'. Did you mean 'alert'?
    323 |                 <Alert severity={selectedCell.status === 'fail' ? 'error' : selectedCell.status === 'warning' ? 'warning' : 'info'} sx={{ mt: 2 }}>
    324 |                   {selectedCell.note}
  > 325 |                 </Alert>
        |                   ^^^^^
    326 |               )}
    327 |             </DialogContent>
    328 |             <DialogActions sx={{ px: 3, pb: 2 }}>

Compiling...
Compiled with warnings.

[eslint] 
src/layouts/MainLayout.tsx
  Line 4:25:   'AccountCircle' is defined but never used          @typescript-eslint/no-unused-vars
  Line 10:17:  'logout' is assigned a value but never used        @typescript-eslint/no-unused-vars
  Line 11:9:   'sidebarWidth' is assigned a value but never used  @typescript-eslint/no-unused-vars

src/pages/Dashboard.tsx
  Line 5:27:  'useEffect' is defined but never used  @typescript-eslint/no-unused-vars

src/pages/History.tsx
  Line 7:52:  'IconButton' is defined but never used  @typescript-eslint/no-unused-vars

src/pages/Parsing.tsx
  Line 5:48:   'useEffect' is defined but never used             @typescript-eslint/no-unused-vars
  Line 8:28:   'Alert' is defined but never used                 @typescript-eslint/no-unused-vars
  Line 103:9:  'currentFile' is assigned a value but never used  @typescript-eslint/no-unused-vars

src/pages/QuotationComparison.tsx
  Line 7:35:  'Card' is defined but never used            @typescript-eslint/no-unused-vars
  Line 7:41:  'CardContent' is defined but never used     @typescript-eslint/no-unused-vars
  Line 7:54:  'Grid' is defined but never used            @typescript-eslint/no-unused-vars
  Line 9:46:  'Tooltip' is defined but never used         @typescript-eslint/no-unused-vars
  Line 9:55:  'Divider' is defined but never used         @typescript-eslint/no-unused-vars
  Line 9:64:  'LinearProgress' is defined but never used  @typescript-eslint/no-unused-vars

src/pages/Report.tsx
  Line 7:35:  'Card' is defined but never used         @typescript-eslint/no-unused-vars
  Line 7:41:  'CardContent' is defined but never used  @typescript-eslint/no-unused-vars

src/pages/Verification.tsx
  Line 9:3:   'Alert' is defined but never used    @typescript-eslint/no-unused-vars
  Line 9:20:  'Divider' is defined but never used  @typescript-eslint/no-unused-vars
  Line 9:29:  'Tooltip' is defined but never used  @typescript-eslint/no-unused-vars

Search for the keywords to learn more about each warning.
To ignore, add // eslint-disable-next-line to the line before.

WARNING in [eslint] 
src/layouts/MainLayout.tsx
  Line 4:25:   'AccountCircle' is defined but never used          @typescript-eslint/no-unused-vars
  Line 10:17:  'logout' is assigned a value but never used        @typescript-eslint/no-unused-vars
  Line 11:9:   'sidebarWidth' is assigned a value but never used  @typescript-eslint/no-unused-vars

src/pages/Dashboard.tsx
  Line 5:27:  'useEffect' is defined but never used  @typescript-eslint/no-unused-vars

src/pages/History.tsx
  Line 7:52:  'IconButton' is defined but never used  @typescript-eslint/no-unused-vars

src/pages/Parsing.tsx
  Line 5:48:   'useEffect' is defined but never used             @typescript-eslint/no-unused-vars
  Line 8:28:   'Alert' is defined but never used                 @typescript-eslint/no-unused-vars
  Line 103:9:  'currentFile' is assigned a value but never used  @typescript-eslint/no-unused-vars

src/pages/QuotationComparison.tsx
  Line 7:35:  'Card' is defined but never used            @typescript-eslint/no-unused-vars
  Line 7:41:  'CardContent' is defined but never used     @typescript-eslint/no-unused-vars
  Line 7:54:  'Grid' is defined but never used            @typescript-eslint/no-unused-vars
  Line 9:46:  'Tooltip' is defined but never used         @typescript-eslint/no-unused-vars
  Line 9:55:  'Divider' is defined but never used         @typescript-eslint/no-unused-vars
  Line 9:64:  'LinearProgress' is defined but never used  @typescript-eslint/no-unused-vars

src/pages/Report.tsx
  Line 7:35:  'Card' is defined but never used         @typescript-eslint/no-unused-vars
  Line 7:41:  'CardContent' is defined but never used  @typescript-eslint/no-unused-vars

src/pages/Verification.tsx
  Line 9:3:   'Alert' is defined but never used    @typescript-eslint/no-unused-vars
  Line 9:20:  'Divider' is defined but never used  @typescript-eslint/no-unused-vars
  Line 9:29:  'Tooltip' is defined but never used  @typescript-eslint/no-unused-vars

webpack compiled with 1 warning
No issues found.
Compiling...
Compiled with warnings.

[eslint] 
src/layouts/MainLayout.tsx
  Line 4:25:   'AccountCircle' is defined but never used          @typescript-eslint/no-unused-vars
  Line 10:17:  'logout' is assigned a value but never used        @typescript-eslint/no-unused-vars
  Line 11:9:   'sidebarWidth' is assigned a value but never used  @typescript-eslint/no-unused-vars

src/pages/Dashboard.tsx
  Line 5:27:  'useEffect' is defined but never used  @typescript-eslint/no-unused-vars

src/pages/History.tsx
  Line 7:52:  'IconButton' is defined but never used  @typescript-eslint/no-unused-vars

src/pages/Parsing.tsx
  Line 5:48:   'useEffect' is defined but never used             @typescript-eslint/no-unused-vars
  Line 8:28:   'Alert' is defined but never used                 @typescript-eslint/no-unused-vars
  Line 103:9:  'currentFile' is assigned a value but never used  @typescript-eslint/no-unused-vars

src/pages/QuotationComparison.tsx
  Line 7:41:   'CardContent' is defined but never used  @typescript-eslint/no-unused-vars
  Line 9:42:   'Tooltip' is defined but never used      @typescript-eslint/no-unused-vars
  Line 11:51:  'CheckCircle' is defined but never used  @typescript-eslint/no-unused-vars

src/pages/Report.tsx
  Line 7:35:  'Card' is defined but never used         @typescript-eslint/no-unused-vars
  Line 7:41:  'CardContent' is defined but never used  @typescript-eslint/no-unused-vars

src/pages/Verification.tsx
  Line 9:3:   'Alert' is defined but never used    @typescript-eslint/no-unused-vars
  Line 9:20:  'Divider' is defined but never used  @typescript-eslint/no-unused-vars
  Line 9:29:  'Tooltip' is defined but never used  @typescript-eslint/no-unused-vars

Search for the keywords to learn more about each warning.
To ignore, add // eslint-disable-next-line to the line before.

WARNING in [eslint] 
src/layouts/MainLayout.tsx
  Line 4:25:   'AccountCircle' is defined but never used          @typescript-eslint/no-unused-vars
  Line 10:17:  'logout' is assigned a value but never used        @typescript-eslint/no-unused-vars
  Line 11:9:   'sidebarWidth' is assigned a value but never used  @typescript-eslint/no-unused-vars

src/pages/Dashboard.tsx
  Line 5:27:  'useEffect' is defined but never used  @typescript-eslint/no-unused-vars

src/pages/History.tsx
  Line 7:52:  'IconButton' is defined but never used  @typescript-eslint/no-unused-vars

src/pages/Parsing.tsx
  Line 5:48:   'useEffect' is defined but never used             @typescript-eslint/no-unused-vars
  Line 8:28:   'Alert' is defined but never used                 @typescript-eslint/no-unused-vars
  Line 103:9:  'currentFile' is assigned a value but never used  @typescript-eslint/no-unused-vars

src/pages/QuotationComparison.tsx
  Line 7:41:   'CardContent' is defined but never used  @typescript-eslint/no-unused-vars
  Line 9:42:   'Tooltip' is defined but never used      @typescript-eslint/no-unused-vars
  Line 11:51:  'CheckCircle' is defined but never used  @typescript-eslint/no-unused-vars

src/pages/Report.tsx
  Line 7:35:  'Card' is defined but never used         @typescript-eslint/no-unused-vars
  Line 7:41:  'CardContent' is defined but never used  @typescript-eslint/no-unused-vars

src/pages/Verification.tsx
  Line 9:3:   'Alert' is defined but never used    @typescript-eslint/no-unused-vars
  Line 9:20:  'Divider' is defined but never used  @typescript-eslint/no-unused-vars
  Line 9:29:  'Tooltip' is defined but never used  @typescript-eslint/no-unused-vars

webpack compiled with 1 warning
No issues found.
Compiling...
Failed to compile.

[eslint] 
src/pages/Analysis.tsx
  Line 323:18:  'Alert' is not defined  react/jsx-no-undef

Search for the keywords to learn more about each error.
WARNING in [eslint] 
src/layouts/MainLayout.tsx
  Line 4:25:   'AccountCircle' is defined but never used          @typescript-eslint/no-unused-vars
  Line 10:17:  'logout' is assigned a value but never used        @typescript-eslint/no-unused-vars
  Line 11:9:   'sidebarWidth' is assigned a value but never used  @typescript-eslint/no-unused-vars

src/pages/Dashboard.tsx
  Line 5:27:  'useEffect' is defined but never used  @typescript-eslint/no-unused-vars

src/pages/History.tsx
  Line 7:52:  'IconButton' is defined but never used  @typescript-eslint/no-unused-vars

src/pages/Parsing.tsx
  Line 5:48:   'useEffect' is defined but never used             @typescript-eslint/no-unused-vars
  Line 8:28:   'Alert' is defined but never used                 @typescript-eslint/no-unused-vars
  Line 103:9:  'currentFile' is assigned a value but never used  @typescript-eslint/no-unused-vars

src/pages/QuotationComparison.tsx
  Line 7:41:   'CardContent' is defined but never used  @typescript-eslint/no-unused-vars
  Line 9:42:   'Tooltip' is defined but never used      @typescript-eslint/no-unused-vars
  Line 11:51:  'CheckCircle' is defined but never used  @typescript-eslint/no-unused-vars

src/pages/Report.tsx
  Line 7:35:  'Card' is defined but never used         @typescript-eslint/no-unused-vars
  Line 7:41:  'CardContent' is defined but never used  @typescript-eslint/no-unused-vars

src/pages/Verification.tsx
  Line 9:3:   'Alert' is defined but never used    @typescript-eslint/no-unused-vars
  Line 9:20:  'Divider' is defined but never used  @typescript-eslint/no-unused-vars
  Line 9:29:  'Tooltip' is defined but never used  @typescript-eslint/no-unused-vars

ERROR in [eslint] 
src/pages/Analysis.tsx
  Line 323:18:  'Alert' is not defined  react/jsx-no-undef

Search for the keywords to learn more about each error.

webpack compiled with 1 error and 1 warning
ERROR in src/pages/Analysis.tsx:323:18
TS2552: Cannot find name 'Alert'. Did you mean 'alert'?
    321 |               {/* 추가 비고 */}
    322 |               {selectedCell.note && selectedCell.expected !== undefined && (
  > 323 |                 <Alert severity={selectedCell.status === 'fail' ? 'error' : selectedCell.status === 'warning' ? 'warning' : 'info'} sx={{ mt: 2 }}>
        |                  ^^^^^
    324 |                   {selectedCell.note}
    325 |                 </Alert>
    326 |               )}

ERROR in src/pages/Analysis.tsx:325:19
TS2552: Cannot find name 'Alert'. Did you mean 'alert'?
    323 |                 <Alert severity={selectedCell.status === 'fail' ? 'error' : selectedCell.status === 'warning' ? 'warning' : 'info'} sx={{ mt: 2 }}>
    324 |                   {selectedCell.note}
  > 325 |                 </Alert>
        |                   ^^^^^
    326 |               )}
    327 |             </DialogContent>
    328 |             <DialogActions sx={{ px: 3, pb: 2 }}>

Compiling...
Failed to compile.

[eslint] 
src/pages/Analysis.tsx
  Line 323:18:  'Alert' is not defined  react/jsx-no-undef

Search for the keywords to learn more about each error.
WARNING in [eslint] 
src/layouts/MainLayout.tsx
  Line 4:25:   'AccountCircle' is defined but never used          @typescript-eslint/no-unused-vars
  Line 10:17:  'logout' is assigned a value but never used        @typescript-eslint/no-unused-vars
  Line 11:9:   'sidebarWidth' is assigned a value but never used  @typescript-eslint/no-unused-vars

src/pages/Dashboard.tsx
  Line 5:27:  'useEffect' is defined but never used  @typescript-eslint/no-unused-vars

src/pages/History.tsx
  Line 7:52:  'IconButton' is defined but never used  @typescript-eslint/no-unused-vars

src/pages/Parsing.tsx
  Line 5:48:   'useEffect' is defined but never used             @typescript-eslint/no-unused-vars
  Line 8:28:   'Alert' is defined but never used                 @typescript-eslint/no-unused-vars
  Line 103:9:  'currentFile' is assigned a value but never used  @typescript-eslint/no-unused-vars

src/pages/QuotationComparison.tsx
  Line 7:41:   'CardContent' is defined but never used  @typescript-eslint/no-unused-vars
  Line 9:42:   'Tooltip' is defined but never used      @typescript-eslint/no-unused-vars
  Line 11:51:  'CheckCircle' is defined but never used  @typescript-eslint/no-unused-vars

src/pages/Report.tsx
  Line 7:35:  'Card' is defined but never used         @typescript-eslint/no-unused-vars
  Line 7:41:  'CardContent' is defined but never used  @typescript-eslint/no-unused-vars

src/pages/Verification.tsx
  Line 9:3:   'Alert' is defined but never used    @typescript-eslint/no-unused-vars
  Line 9:20:  'Divider' is defined but never used  @typescript-eslint/no-unused-vars
  Line 9:29:  'Tooltip' is defined but never used  @typescript-eslint/no-unused-vars

ERROR in [eslint] 
src/pages/Analysis.tsx
  Line 323:18:  'Alert' is not defined  react/jsx-no-undef

Search for the keywords to learn more about each error.

webpack compiled with 1 error and 1 warning
ERROR in src/pages/Analysis.tsx:323:18
TS2552: Cannot find name 'Alert'. Did you mean 'alert'?
    321 |               {/* 추가 비고 */}
    322 |               {selectedCell.note && selectedCell.expected !== undefined && (
  > 323 |                 <Alert severity={selectedCell.status === 'fail' ? 'error' : selectedCell.status === 'warning' ? 'warning' : 'info'} sx={{ mt: 2 }}>
        |                  ^^^^^
    324 |                   {selectedCell.note}
    325 |                 </Alert>
    326 |               )}

ERROR in src/pages/Analysis.tsx:325:19
TS2552: Cannot find name 'Alert'. Did you mean 'alert'?
    323 |                 <Alert severity={selectedCell.status === 'fail' ? 'error' : selectedCell.status === 'warning' ? 'warning' : 'info'} sx={{ mt: 2 }}>
    324 |                   {selectedCell.note}
  > 325 |                 </Alert>
        |                   ^^^^^
    326 |               )}
    327 |             </DialogContent>
    328 |             <DialogActions sx={{ px: 3, pb: 2 }}>

Compiling...
Failed to compile.

[eslint] 
src/pages/Analysis.tsx
  Line 323:18:  'Alert' is not defined  react/jsx-no-undef

Search for the keywords to learn more about each error.
WARNING in [eslint] 
src/layouts/MainLayout.tsx
  Line 4:25:   'AccountCircle' is defined but never used          @typescript-eslint/no-unused-vars
  Line 10:17:  'logout' is assigned a value but never used        @typescript-eslint/no-unused-vars
  Line 11:9:   'sidebarWidth' is assigned a value but never used  @typescript-eslint/no-unused-vars

src/pages/Dashboard.tsx
  Line 5:27:  'useEffect' is defined but never used  @typescript-eslint/no-unused-vars

src/pages/History.tsx
  Line 7:52:  'IconButton' is defined but never used  @typescript-eslint/no-unused-vars

src/pages/Parsing.tsx
  Line 5:48:   'useEffect' is defined but never used             @typescript-eslint/no-unused-vars
  Line 8:28:   'Alert' is defined but never used                 @typescript-eslint/no-unused-vars
  Line 103:9:  'currentFile' is assigned a value but never used  @typescript-eslint/no-unused-vars

src/pages/QuotationComparison.tsx
  Line 7:41:   'CardContent' is defined but never used  @typescript-eslint/no-unused-vars
  Line 9:42:   'Tooltip' is defined but never used      @typescript-eslint/no-unused-vars
  Line 11:51:  'CheckCircle' is defined but never used  @typescript-eslint/no-unused-vars

src/pages/Report.tsx
  Line 7:35:  'Card' is defined but never used         @typescript-eslint/no-unused-vars
  Line 7:41:  'CardContent' is defined but never used  @typescript-eslint/no-unused-vars

src/pages/Verification.tsx
  Line 9:3:   'Alert' is defined but never used    @typescript-eslint/no-unused-vars
  Line 9:20:  'Divider' is defined but never used  @typescript-eslint/no-unused-vars
  Line 9:29:  'Tooltip' is defined but never used  @typescript-eslint/no-unused-vars

ERROR in [eslint] 
src/pages/Analysis.tsx
  Line 323:18:  'Alert' is not defined  react/jsx-no-undef

Search for the keywords to learn more about each error.

webpack compiled with 1 error and 1 warning
ERROR in src/pages/Analysis.tsx:323:18
TS2552: Cannot find name 'Alert'. Did you mean 'alert'?
    321 |               {/* 추가 비고 */}
    322 |               {selectedCell.note && selectedCell.expected !== undefined && (
  > 323 |                 <Alert severity={selectedCell.status === 'fail' ? 'error' : selectedCell.status === 'warning' ? 'warning' : 'info'} sx={{ mt: 2 }}>
        |                  ^^^^^
    324 |                   {selectedCell.note}
    325 |                 </Alert>
    326 |               )}

ERROR in src/pages/Analysis.tsx:325:19
TS2552: Cannot find name 'Alert'. Did you mean 'alert'?
    323 |                 <Alert severity={selectedCell.status === 'fail' ? 'error' : selectedCell.status === 'warning' ? 'warning' : 'info'} sx={{ mt: 2 }}>
    324 |                   {selectedCell.note}
  > 325 |                 </Alert>
        |                   ^^^^^
    326 |               )}
    327 |             </DialogContent>
    328 |             <DialogActions sx={{ px: 3, pb: 2 }}>

Compiling...
Compiled with warnings.

[eslint] 
src/layouts/MainLayout.tsx
  Line 4:25:   'AccountCircle' is defined but never used          @typescript-eslint/no-unused-vars
  Line 10:17:  'logout' is assigned a value but never used        @typescript-eslint/no-unused-vars
  Line 11:9:   'sidebarWidth' is assigned a value but never used  @typescript-eslint/no-unused-vars

src/pages/Dashboard.tsx
  Line 5:27:  'useEffect' is defined but never used  @typescript-eslint/no-unused-vars

src/pages/History.tsx
  Line 7:52:  'IconButton' is defined but never used  @typescript-eslint/no-unused-vars

src/pages/Parsing.tsx
  Line 5:48:   'useEffect' is defined but never used             @typescript-eslint/no-unused-vars
  Line 8:28:   'Alert' is defined but never used                 @typescript-eslint/no-unused-vars
  Line 103:9:  'currentFile' is assigned a value but never used  @typescript-eslint/no-unused-vars

src/pages/QuotationComparison.tsx
  Line 7:41:   'CardContent' is defined but never used  @typescript-eslint/no-unused-vars
  Line 9:42:   'Tooltip' is defined but never used      @typescript-eslint/no-unused-vars
  Line 11:51:  'CheckCircle' is defined but never used  @typescript-eslint/no-unused-vars

src/pages/Report.tsx
  Line 7:35:  'Card' is defined but never used         @typescript-eslint/no-unused-vars
  Line 7:41:  'CardContent' is defined but never used  @typescript-eslint/no-unused-vars

src/pages/Verification.tsx
  Line 9:3:   'Alert' is defined but never used    @typescript-eslint/no-unused-vars
  Line 9:20:  'Divider' is defined but never used  @typescript-eslint/no-unused-vars
  Line 9:29:  'Tooltip' is defined but never used  @typescript-eslint/no-unused-vars

Search for the keywords to learn more about each warning.
To ignore, add // eslint-disable-next-line to the line before.

WARNING in [eslint] 
src/layouts/MainLayout.tsx
  Line 4:25:   'AccountCircle' is defined but never used          @typescript-eslint/no-unused-vars
  Line 10:17:  'logout' is assigned a value but never used        @typescript-eslint/no-unused-vars
  Line 11:9:   'sidebarWidth' is assigned a value but never used  @typescript-eslint/no-unused-vars

src/pages/Dashboard.tsx
  Line 5:27:  'useEffect' is defined but never used  @typescript-eslint/no-unused-vars

src/pages/History.tsx
  Line 7:52:  'IconButton' is defined but never used  @typescript-eslint/no-unused-vars

src/pages/Parsing.tsx
  Line 5:48:   'useEffect' is defined but never used             @typescript-eslint/no-unused-vars
  Line 8:28:   'Alert' is defined but never used                 @typescript-eslint/no-unused-vars
  Line 103:9:  'currentFile' is assigned a value but never used  @typescript-eslint/no-unused-vars

src/pages/QuotationComparison.tsx
  Line 7:41:   'CardContent' is defined but never used  @typescript-eslint/no-unused-vars
  Line 9:42:   'Tooltip' is defined but never used      @typescript-eslint/no-unused-vars
  Line 11:51:  'CheckCircle' is defined but never used  @typescript-eslint/no-unused-vars

src/pages/Report.tsx
  Line 7:35:  'Card' is defined but never used         @typescript-eslint/no-unused-vars
  Line 7:41:  'CardContent' is defined but never used  @typescript-eslint/no-unused-vars

src/pages/Verification.tsx
  Line 9:3:   'Alert' is defined but never used    @typescript-eslint/no-unused-vars
  Line 9:20:  'Divider' is defined but never used  @typescript-eslint/no-unused-vars
  Line 9:29:  'Tooltip' is defined but never used  @typescript-eslint/no-unused-vars

webpack compiled with 1 warning
No issues found.
